/*
SQLyog Ultimate v11.11 (64 bit)
MySQL - 5.7.21 : Database - beats_db
*********************************************************************
*/

/*!40101 SET NAMES utf8 */;

/*!40101 SET SQL_MODE=''*/;

/*!40014 SET @OLD_UNIQUE_CHECKS=@@UNIQUE_CHECKS, UNIQUE_CHECKS=0 */;
/*!40014 SET @OLD_FOREIGN_KEY_CHECKS=@@FOREIGN_KEY_CHECKS, FOREIGN_KEY_CHECKS=0 */;
/*!40101 SET @OLD_SQL_MODE=@@SQL_MODE, SQL_MODE='NO_AUTO_VALUE_ON_ZERO' */;
/*!40111 SET @OLD_SQL_NOTES=@@SQL_NOTES, SQL_NOTES=0 */;
USE `beats_db`;

/*Table structure for table `master_age` */

DROP TABLE IF EXISTS `master_age`;

CREATE TABLE `master_age` (
  `id` int(11) NOT NULL AUTO_INCREMENT,
  `org_id` int(11) NOT NULL,
  `age_cuts` varchar(255) DEFAULT NULL,
  `is_deleted` int(11) DEFAULT NULL,
  `createdon` timestamp NULL DEFAULT NULL,
  `createdby` int(11) DEFAULT NULL,
  `last_modifiedon` timestamp NULL DEFAULT NULL,
  `last_modifiedby` int(11) DEFAULT NULL,
  PRIMARY KEY (`id`),
  KEY `master_age_ibfk_1` (`org_id`),
  CONSTRAINT `master_age_ibfk_1` FOREIGN KEY (`org_id`) REFERENCES `master_organization` (`id`) ON DELETE NO ACTION ON UPDATE NO ACTION
) ENGINE=InnoDB AUTO_INCREMENT=6 DEFAULT CHARSET=latin1;

/*Data for the table `master_age` */

insert  into `master_age`(`id`,`org_id`,`age_cuts`,`is_deleted`,`createdon`,`createdby`,`last_modifiedon`,`last_modifiedby`) values (1,1,'21 - 30',0,'2020-01-27 15:20:12',1,'2020-01-27 15:20:12',1),(2,1,'31 - 40',0,'2020-01-27 15:20:12',1,'2020-01-27 15:20:12',1),(3,1,'41 - 50',0,'2020-01-27 15:20:12',1,'2020-01-27 15:20:12',1),(4,1,'51 - 60',0,'2020-01-27 15:20:12',1,'2020-01-27 15:20:12',1),(5,1,'61 and Above',0,'2020-01-27 15:20:12',1,'2020-01-27 15:20:12',1);

/*Table structure for table `master_business_unit` */

DROP TABLE IF EXISTS `master_business_unit`;

CREATE TABLE `master_business_unit` (
  `id` int(11) NOT NULL AUTO_INCREMENT,
  `org_id` int(11) NOT NULL,
  `business_unit` varchar(255) NOT NULL,
  `is_deleted` int(11) NOT NULL,
  `createdon` timestamp NOT NULL,
  `createdby` int(11) NOT NULL,
  `last_modifiedon` timestamp NOT NULL,
  `last_modifiedby` int(11) NOT NULL,
  PRIMARY KEY (`id`),
  KEY `org_id` (`org_id`),
  CONSTRAINT `master_business_unit_ibfk_1` FOREIGN KEY (`org_id`) REFERENCES `master_organization` (`id`) ON DELETE NO ACTION ON UPDATE NO ACTION
) ENGINE=InnoDB AUTO_INCREMENT=8 DEFAULT CHARSET=latin1;

/*Data for the table `master_business_unit` */

insert  into `master_business_unit`(`id`,`org_id`,`business_unit`,`is_deleted`,`createdon`,`createdby`,`last_modifiedon`,`last_modifiedby`) values (1,1,'Finance',0,'2020-02-25 17:10:56',1,'2020-02-25 17:10:56',1),(2,1,'HR',0,'2020-02-25 17:10:56',1,'2020-02-25 17:10:56',1),(3,1,'Logistics',0,'2020-02-25 17:10:56',1,'2020-02-25 17:10:56',1),(4,1,'Marketing',0,'2020-02-25 17:10:56',1,'2020-02-25 17:10:56',1),(5,1,'Production',0,'2020-02-25 17:10:56',1,'2020-02-25 17:10:56',1),(6,1,'R&D',0,'2020-02-25 17:10:56',1,'2020-02-25 17:10:56',1),(7,1,'Sales',0,'2020-02-25 17:10:56',1,'2020-02-25 17:10:56',1);

/*Table structure for table `master_department` */

DROP TABLE IF EXISTS `master_department`;

CREATE TABLE `master_department` (
  `id` int(11) NOT NULL AUTO_INCREMENT,
  `org_id` int(11) NOT NULL,
  `department` varchar(255) NOT NULL,
  `is_deleted` int(11) NOT NULL,
  `createdon` timestamp NOT NULL,
  `createdby` int(11) NOT NULL,
  `last_modifiedon` timestamp NOT NULL,
  `last_modifiedby` int(11) NOT NULL,
  PRIMARY KEY (`id`),
  KEY `master_department_ibfk_1` (`org_id`),
  CONSTRAINT `master_department_ibfk_1` FOREIGN KEY (`org_id`) REFERENCES `master_organization` (`id`) ON DELETE NO ACTION ON UPDATE NO ACTION
) ENGINE=InnoDB DEFAULT CHARSET=latin1;

/*Data for the table `master_department` */

/*Table structure for table `master_dimension` */

DROP TABLE IF EXISTS `master_dimension`;

CREATE TABLE `master_dimension` (
  `id` int(11) NOT NULL AUTO_INCREMENT,
  `dimension_text` varchar(255) DEFAULT NULL,
  `is_deleted` int(11) DEFAULT NULL,
  `createdon` timestamp NULL DEFAULT NULL,
  `createdby` int(11) DEFAULT NULL,
  `last_modifiedon` timestamp NULL DEFAULT NULL,
  `last_modifiedby` int(11) DEFAULT NULL,
  PRIMARY KEY (`id`)
) ENGINE=InnoDB AUTO_INCREMENT=6 DEFAULT CHARSET=latin1;

/*Data for the table `master_dimension` */

insert  into `master_dimension`(`id`,`dimension_text`,`is_deleted`,`createdon`,`createdby`,`last_modifiedon`,`last_modifiedby`) values (1,'Organization',0,'2020-01-27 15:28:44',1,'2020-01-27 15:28:44',1),(2,'Team',0,'2020-01-27 15:28:44',1,'2020-01-27 15:28:44',1),(3,'Leadership',0,'2020-01-27 15:28:44',1,'2020-01-27 15:28:44',1),(4,'Job',0,'2020-01-27 15:28:44',1,'2020-01-27 15:28:44',1),(5,'Survey Refinement',0,'2020-01-27 15:28:44',1,'2020-01-27 15:28:44',1);

/*Table structure for table `master_employee` */

DROP TABLE IF EXISTS `master_employee`;

CREATE TABLE `master_employee` (
  `id` int(11) NOT NULL AUTO_INCREMENT,
  `org_id` int(11) DEFAULT NULL,
  `first_name` varchar(255) DEFAULT NULL,
  `last_name` varchar(255) DEFAULT NULL,
  `dob` date DEFAULT NULL,
  `email` varchar(255) DEFAULT NULL,
  `gender` varchar(255) DEFAULT NULL,
  `age` int(11) DEFAULT NULL,
  `mobile` bigint(11) DEFAULT NULL,
  `department` int(11) DEFAULT NULL,
  `business_unit` int(11) NOT NULL,
  `level` int(11) DEFAULT NULL,
  `tenure` int(11) DEFAULT NULL,
  `performance` int(11) DEFAULT NULL,
  `location` int(11) DEFAULT NULL,
  `is_deleted` int(11) DEFAULT NULL,
  `createdon` timestamp NULL DEFAULT NULL,
  `createdby` int(11) DEFAULT NULL,
  `last_modifiedon` timestamp NULL DEFAULT NULL,
  `last_modifiedby` int(11) DEFAULT NULL,
  PRIMARY KEY (`id`),
  KEY `org_id` (`org_id`),
  KEY `age` (`age`),
  KEY `level` (`level`),
  KEY `tenure` (`tenure`),
  KEY `master_employee_ibfk_1` (`department`),
  KEY `master_employee_ibfk_2` (`location`),
  KEY `master_employee_ibfk_3` (`performance`),
  KEY `business_unit` (`business_unit`),
  CONSTRAINT `age` FOREIGN KEY (`age`) REFERENCES `master_age` (`id`) ON DELETE NO ACTION ON UPDATE NO ACTION,
  CONSTRAINT `level` FOREIGN KEY (`level`) REFERENCES `master_levels` (`id`) ON DELETE NO ACTION ON UPDATE NO ACTION,
  CONSTRAINT `master_employee_ibfk_1` FOREIGN KEY (`department`) REFERENCES `master_department` (`id`) ON DELETE NO ACTION ON UPDATE NO ACTION,
  CONSTRAINT `master_employee_ibfk_2` FOREIGN KEY (`location`) REFERENCES `master_location` (`id`) ON DELETE NO ACTION ON UPDATE NO ACTION,
  CONSTRAINT `master_employee_ibfk_3` FOREIGN KEY (`performance`) REFERENCES `master_performance` (`id`) ON DELETE NO ACTION ON UPDATE NO ACTION,
  CONSTRAINT `master_employee_ibfk_4` FOREIGN KEY (`business_unit`) REFERENCES `master_business_unit` (`id`) ON DELETE NO ACTION ON UPDATE NO ACTION,
  CONSTRAINT `org_id` FOREIGN KEY (`org_id`) REFERENCES `master_organization` (`id`) ON DELETE NO ACTION ON UPDATE NO ACTION,
  CONSTRAINT `tenure` FOREIGN KEY (`tenure`) REFERENCES `master_tenure` (`id`) ON DELETE NO ACTION ON UPDATE NO ACTION
) ENGINE=InnoDB AUTO_INCREMENT=5 DEFAULT CHARSET=latin1;

/*Data for the table `master_employee` */

insert  into `master_employee`(`id`,`org_id`,`first_name`,`last_name`,`dob`,`email`,`gender`,`age`,`mobile`,`department`,`business_unit`,`level`,`tenure`,`performance`,`location`,`is_deleted`,`createdon`,`createdby`,`last_modifiedon`,`last_modifiedby`) values (1,1,'Ashok','Tamhankar','1980-01-01','amt@fp.technology','Male',2,9876543210,NULL,1,5,9,1,1,0,'2020-01-27 15:07:58',1,'2020-01-27 15:07:58',1),(2,1,'Vijay','Patil','1991-12-11','vijay.p@fp.technology','Male',1,9876543211,NULL,1,2,5,2,2,0,'2020-01-27 15:23:18',1,'2020-01-27 15:23:18',1),(3,1,'Tejashri','Bedarkar','1992-09-08','tejashri.b@fp.technology','Female',1,9876543212,NULL,1,2,5,2,2,0,'2020-01-27 15:25:15',1,'2020-01-27 15:25:15',1),(4,1,'Akshay','Jadhav','1995-04-26','akshay@fp.technology','Male',3,9876543213,NULL,1,5,8,4,3,0,'2020-02-21 15:21:24',1,'2020-02-21 15:21:31',1);

/*Table structure for table `master_employee_event` */

DROP TABLE IF EXISTS `master_employee_event`;

CREATE TABLE `master_employee_event` (
  `id` int(11) NOT NULL AUTO_INCREMENT,
  `org_id` int(11) NOT NULL,
  `event` varchar(255) NOT NULL,
  `is_deleted` int(11) NOT NULL,
  `createdon` timestamp NOT NULL,
  `createdby` int(11) NOT NULL,
  `last_modifiedon` timestamp NOT NULL,
  `last_modifiedby` int(11) NOT NULL,
  PRIMARY KEY (`id`),
  KEY `org_id` (`org_id`),
  CONSTRAINT `master_employee_event_ibfk_1` FOREIGN KEY (`org_id`) REFERENCES `master_organization` (`id`)
) ENGINE=InnoDB AUTO_INCREMENT=10 DEFAULT CHARSET=latin1;

/*Data for the table `master_employee_event` */

insert  into `master_employee_event`(`id`,`org_id`,`event`,`is_deleted`,`createdon`,`createdby`,`last_modifiedon`,`last_modifiedby`) values (1,1,'Induction',0,'2020-02-24 15:07:49',1,'2020-02-24 15:07:59',1),(2,1,'Probation Confirmation',0,'2020-02-24 15:07:49',1,'2020-02-24 15:07:49',1),(3,1,'Probation Extension',0,'2020-02-24 15:07:49',1,'2020-02-24 15:07:49',1),(4,1,'Probation Termination',0,'2020-02-24 15:07:49',1,'2020-02-24 15:07:49',1),(5,1,'Appraisal',0,'2020-02-24 15:07:49',1,'2020-02-24 15:07:49',1),(6,1,'Promotion',0,'2020-02-24 15:07:49',1,'2020-02-24 15:07:49',1),(7,1,'Demotion',0,'2020-02-24 15:07:49',1,'2020-02-24 15:07:49',1),(8,1,'Rewards/Awards',0,'2020-02-24 15:07:49',1,'2020-02-24 15:07:49',1),(9,1,'Termination',0,'2020-02-24 15:07:49',1,'2020-02-24 15:07:49',1);

/*Table structure for table `master_levels` */

DROP TABLE IF EXISTS `master_levels`;

CREATE TABLE `master_levels` (
  `id` int(11) NOT NULL AUTO_INCREMENT,
  `org_id` int(11) NOT NULL,
  `level_cuts` varchar(255) DEFAULT NULL,
  `is_deleted` int(11) DEFAULT NULL,
  `createdon` timestamp NULL DEFAULT NULL,
  `createdby` int(11) DEFAULT NULL,
  `last_modifiedon` timestamp NULL DEFAULT NULL,
  `last_modifiedby` int(11) DEFAULT NULL,
  PRIMARY KEY (`id`),
  KEY `master_levels_ibfk_1` (`org_id`),
  CONSTRAINT `master_levels_ibfk_1` FOREIGN KEY (`org_id`) REFERENCES `master_organization` (`id`) ON DELETE NO ACTION ON UPDATE NO ACTION
) ENGINE=InnoDB AUTO_INCREMENT=7 DEFAULT CHARSET=latin1;

/*Data for the table `master_levels` */

insert  into `master_levels`(`id`,`org_id`,`level_cuts`,`is_deleted`,`createdon`,`createdby`,`last_modifiedon`,`last_modifiedby`) values (1,1,'Entry',0,'2020-01-27 15:13:41',1,'2020-01-27 15:13:41',1),(2,1,'Junior Mid',0,'2020-01-27 15:14:45',1,'2020-01-27 15:14:45',1),(3,1,'Mid',0,'2020-01-27 15:14:45',1,'2020-01-27 15:14:45',1),(4,1,'Senior Mid',0,'2020-01-27 15:14:45',1,'2020-01-27 15:14:45',1),(5,1,'Senior',0,'2020-01-27 15:14:45',1,'2020-01-27 15:14:45',1),(6,1,'C level',0,'2020-01-27 15:14:45',1,'2020-01-27 15:14:45',1);

/*Table structure for table `master_location` */

DROP TABLE IF EXISTS `master_location`;

CREATE TABLE `master_location` (
  `id` int(11) NOT NULL AUTO_INCREMENT,
  `org_id` int(11) NOT NULL,
  `location` varchar(255) NOT NULL,
  `is_deleted` int(11) NOT NULL,
  `createdon` timestamp NOT NULL,
  `createdby` int(11) NOT NULL,
  `last_modifiedon` timestamp NOT NULL,
  `last_modifiedby` int(11) NOT NULL,
  PRIMARY KEY (`id`),
  KEY `master_location_ibfk_1` (`org_id`),
  CONSTRAINT `master_location_ibfk_1` FOREIGN KEY (`org_id`) REFERENCES `master_organization` (`id`) ON DELETE NO ACTION ON UPDATE NO ACTION
) ENGINE=InnoDB AUTO_INCREMENT=4 DEFAULT CHARSET=latin1;

/*Data for the table `master_location` */

insert  into `master_location`(`id`,`org_id`,`location`,`is_deleted`,`createdon`,`createdby`,`last_modifiedon`,`last_modifiedby`) values (1,1,'Banglore',0,'2020-02-27 17:56:02',1,'2020-02-27 17:56:02',1),(2,1,'Pune',0,'2020-02-27 17:56:02',1,'2020-02-27 17:56:02',1),(3,1,'Mumbai',0,'2020-02-27 17:56:02',1,'2020-02-27 17:56:02',1);

/*Table structure for table `master_organization` */

DROP TABLE IF EXISTS `master_organization`;

CREATE TABLE `master_organization` (
  `id` int(11) NOT NULL AUTO_INCREMENT,
  `org_code` varchar(255) DEFAULT NULL,
  `org_name` varchar(255) DEFAULT NULL,
  `org_type` varchar(255) DEFAULT NULL,
  `founded_on` text,
  `org_desc` text,
  `status` varchar(255) DEFAULT NULL,
  `logo` text,
  `is_deleted` int(11) DEFAULT NULL,
  `createdon` timestamp NULL DEFAULT NULL,
  `createdby` int(11) DEFAULT NULL,
  `last_modifiedon` timestamp NULL DEFAULT NULL,
  `last_modifiedby` int(11) DEFAULT NULL,
  PRIMARY KEY (`id`)
) ENGINE=InnoDB AUTO_INCREMENT=2 DEFAULT CHARSET=latin1;

/*Data for the table `master_organization` */

insert  into `master_organization`(`id`,`org_code`,`org_name`,`org_type`,`founded_on`,`org_desc`,`status`,`logo`,`is_deleted`,`createdon`,`createdby`,`last_modifiedon`,`last_modifiedby`) values (1,'FALCO','Falco Peregrinus',NULL,NULL,'Lorem ipsum dolor sit amet, consectetur adipiscing elit, sed do eiusmod tempor incididunt ut labore et dolore magna aliqua. Ut enim ad minim veniam, quis nostrud exercitation ullamco laboris nisi ut aliquip ex ea commodo consequat.','1','data:image/jpg;base64,/9j/4AAQSkZJRgABAQAAAQABAAD/2wBDAAMCAgMCAgMDAwMEAwMEBQgFBQQEBQoHBwYIDAoMDAsKCwsNDhIQDQ4RDgsLEBYQERMUFRUVDA8XGBYUGBIUFRT/2wBDAQMEBAUEBQkFBQkUDQsNFBQUFBQUFBQUFBQUFBQUFBQUFBQUFBQUFBQUFBQUFBQUFBQUFBQUFBQUFBQUFBQUFBT/wAARCABkAGQDAREAAhEBAxEB/8QAHQABAAICAwEBAAAAAAAAAAAAAAYHBQgBAgQJA//EAD4QAAECBQIEBAIGBgsAAAAAAAECAwAEBQYRByEIEjFBE1FhcSIyFBVCUmKBCSMkQ5GhFyVTY3JzgpKxs/H/xAAbAQEAAgMBAQAAAAAAAAAAAAAABQYBAwQCB//EADQRAAICAQIEAgYKAwEAAAAAAAABAgMEBRESITFRE2FBcYGh0eEGFCIjUpGxwfDxJDIzQv/aAAwDAQACEQMRAD8A+qcAIAQAgBACAEAIAQAgBACAEAIAQAgBACAEAIAQBhZi4m2bykaDlBdmZB+dI35gltxlH8CXf5QBmoAQAgBACAEAIAQAgBACAEAa/WffTF4cWFz+AsOSNFpaKC0tBykzClF9z/pUk/5YjYoOUW16P6/c8SmotJ+n4bmwMaz2IAQAgBACAEAIAQBjrhr0nbFEnKpPupZlJVsuLUo46dB7k7fnG2qqV01XBc2arbY0wdk3yR6KdOfWFPlZrw1M+O0l3w1/MjmAOD6jMeZx4JOPY9QlxxUu5UnE1rzJ6KWO8Zd5ty5p9Bap0r1UFHYuqH3U/wAzgR5PZVHCTZ05btdp8hPhS6yqXduKsLWcradfHhSrK/xeGt5wg/fiVVXhYMrpf+2kvUubf57IiZW+LnRpj/4Tb9b5JflubdxEksIAQAgBACAEAIArrUrX6ydK2HBWKw0ueSCU0+VPivqPlyj5f9WIlsPS8rNf3UeXd8kROZqmLhL72fPsubK1tpF1cQValbkuyTVaunlOcE3KUh9XKudUndLj5OPgHXBwP+Ylr5Y2k1umiXHa+Tl6F6iJojk6tYrr48FS5qPpfrPx1m41raszxKRZ4F2XItXhNiWyqXbX03UPnOeyevnFU2LYUMKRMWvVf6SNYHFVq9JzC6JaazzOFf7tbyB8iEkjCO/v0mtO0y3Pny5QXVkLqWp1YEOfOb6I2h4ZqBN0WTr8xXVKmLwqbrU/V3T0ZW4lSm5f0KEFJI7eIIzq2VXfaqqP+cFsv3ftPOk4tlFTtv8A+k3u/wBl7C7YgycEAIAQBrbxEcU1EtukztvWvcLbdyl4Sz8y00pwSacnxCDjCljGMA7H2i3aVott01dkQ+xtul37ewqOq61VTB00T+3vs327+00qqOq91ytbffp95VuZQlzLc27MLbcX+Ip5jj+Jj6HDBx3WlOqK8tj55POyFNuFsn57lqad8auo9Cfl5KcS1djaiEJamGj46vQKRuT75iFy/o7hWpzj9j1dPeTWJ9Is2pqEvt+vr7i2a9M6yan0xyqXRXJLSKzcZXzueG+pGO4zzEnpgke0V7xNI0zlBeLNfl8P1LF4er6nzm/Cg/R6fiVhSb6060/qyZbTe06jqneGfhq9TaW42F+bbYGT74Sd+piJzNay8tcG/DHsuRLYeiYuI+Pbil3fM9l62vqjqBKJqGrt7ydg24oc6KYpweItI7Ilmz8Rxt8RyO4iMx8W/Klw0wcn/PSSmRl0YkeK6SSMFa1z0i3qh9R6JWfNVi4XByKuWqsh6aA6FTaPkZT+IxcMfQacWPj6jNJdv519hTcjX7suXgadBt9/509pM6DaTGlVzszdafGoetdTX+w0dDheap7h6Ovr7cuc74wOmOsR+pa0rofVsNcNf6/IkNM0V0z+tZj4rP0+ZtzpfZT1j2umWnps1GtTbqp2pzx6vzK8c6h+EYCUjslIipFtJdACAEAIAhdV0XsSty0yxOWlSHhMqWt1z6IgOFSiSpXOBzA5J3zEhDUMutpxtfLz/Yj56fiWJqVS5+RorxH8Mc1pleNOTbjT09RK0+GZNCviWy8f3RPfzB8vaPpWkazHMpl4/KUFz813Pmur6NLDuj4HOM3y8n2LioVt27wmW/TWGKUm8dWqykCWk2Uc60Ej7PXkbT3V1Vjy6UfVdXt1CbjF7Vrou/my8aVpFWnwUpLex9X28kRy9LUkGHmrl4hbwXP1BYLkpZtIdPK0PukJO22xORuN1mOLC03JzntTHl3fQ7s3UsbAW90ufZdTxULVi+r9aVQdFrFl7SoaTyrnJZhAV3+JbqgEJODnufWLbHSdO02PHnWcT7fLqyoy1bUdSlwYNfCu/wA+iI/X9OrFsGeXUdXL+fuq4lfEuh0VwvvLPZK3VHbv15fQxz5H0jVcfDwa1Fd38Dpx/o27JeJnWOT7L4k5strUnVSnIpem9ry2kliuAJXVFo/a5hH3go/Eo+o/3RUMjKuyZcd0nJlvx8WnFjwUxSRsRo5oHbejMk6qnoXUK3NDM5WJz45h8nc7/ZTnsPzyY5DqLLgBACAEAIAQBj6vSJSqJl3JqVTNuSbomZcHqlxPykesbIWSr34Xtutma51xs24l0e6NUNcdQBoEJqoteFPapXMFOOT7g5xTZXOEttg9ABgAdzknO0WbQ9JWfN2W/wCkfeyta5qzwIKqr/eXuXciuivDxK1yiTOqWrU66ullCpwS844oKeQP3jquuD2SNzt7RNatrSxP8TC2W3Vr0eSITSdFeX/l5rb36J+nzZGr44ga3qmV0m2Z6W0y0zll+AJoDwFup7gcm5JG/ho38zFAnOVknKb3b7n0GEI1xUYLZLsSTR9zQq2XmU25WqfXbvKsJnbtYdYZWv8Au8pKUknoSCc9491eFv8Ae77eRrt8Xh+6238yxatqre9t11qSnKym2p+YPNKM19huapc4D0S1NshHL5DmTErLS3ZW7sSfiJdV0kvWvgRUdTVdipy4eG30fWL9T+JPrK4jGH7hata+6Uuy7ncx4AmHAuTnfIsPdFZ8jiINrYnOpcwORkbiMA5gBACAEAIAQB88uImnquDi6l6dVwr6G/NyTHKvYFklIwPQ5I/OPqukz8LSHOvqlJ+0+VatHxdXULOjcV7C0/0hVyTNB09tW25MqYkKlNL8YNnAKGUo5UHzGVg4/CI+WbuTbZ9USUVsivuH/RChajax3DSLgT9MoVntJlpSm8xS3MEqx4px1CiCs+ZWnsAIGS0kaOad3Nqpc2mNUtuUKZaRaqlPqUn+qmGULJSppSh1KSMgkdD6RgEYqFNqHDrOIsnUFKrv0eq6vBlalMIy5TVE7BR+zj09x3EdFF9mPYrans0c99FeTW6rVumdrupUrp5LStoX6pV0aU1c5olyJVzv0pRGUjnHYZB9t998WmVFWtVO7HXDcusfRLzRVo326Jaqch8VL6S/D5MzVo6wXDw4ViRtnUKbVX7HnQPqa7WfjAbPypcPfbHr33EVCUXFuLWzRb4yUkpRe6ZtXTqjK1eRYnZKYbm5R9AW08yoKQtJ7giPB6PTACAEAIAQBRPErw4jV2Xla3RH0U+7acB4DyjhL6QchKj2IPQ9osuj6t9QbqtW9cuvkVrV9J+vpW1PayPTzIZflqz/ABG6VM2nckk5bOpNGPiSyJxBSxNKAwotr3CkrSN8HIIG2I4s7EhVN240uKt+7yfY7cDLnZFVZMeGxdV380/Sa7W8rWHSy8GVsWTU3Lllm0ySZ9mWdUl5oDlSlwo/VuAAAAq3AA8oiSYNruGLR657eqtdv6/3/GvCvAILJIP0dkYODjYHYDA2AGO8YBdV42fSr8tueoValUTlOnGy242sdPJQ8iDuDGAaiyL50RqU3pBqm2uq6c1ckUWtOjaXyfhSVfZ5Tj/Cd+hjqx8izGsV1T2aOfIx68qp1WrdM7PF/QNbli6gyZu7SSrK/q+qFPifRArpuOmAc4HunuIuFtNOvVePj7RuXVd/5/ZTar7tBt8DI3lS+j7fz+jJ0mydQdCmRW9JKo3qBp9Mkv8A1K88HFtJP9mc9vQg7bgxSrK51ScLFs0XauyFsVOt7pkupHHNZ7IEvdlGrdpVIZC2JuUKkgjrg7H+Ua9jYS6kcU9n3Q8li2pOuXK+s8qU02mrUnPqtXKke5MNgWZSJur1CSS/NyTNMdXuJZbhdUgduZQwM+g6eZjAMvACAEAdVNpUpKikFSflJG49ozuY2O0YMiAEARbUjTahaq2tM0G4JQTMo8MoWNnGV9loV2UP/YA1xZpF86DU+YtW7KC9qhpW6Chp+VZ8abk2+wU2dyAB7DqCOkbqrZ0zVlctmjVbVC+DrsW6ZE6VK0m1Jt+q6O6tSVAZWrnetu6Hvo6Uq+7h0b46bgn1i1x1fGzIqGpVbv8AEupVJaPk4cnPTbdl+F9C0LX1C1huBA57ItS4EJwn6xk59BaV+IkKVn2A/KOWzH0d84XSXlt8jpryNYXKdMX57/Mtq06fery0u1s0OhsA5+h0ZpTq1einV4GPQI/OIi54keVKlLzey9y+JL0rLnzucY+S5+9/AnMR5ICAEAIAQAgBACAEAcEZGDuIA866ZJuPpeXKMLeT8rimwVD2OIA9CUpQMJASPICAOYAQAgBACAEAIAQAgBACAEAIAQAgD//Z',0,'2020-01-27 14:55:42',1,'2020-01-27 14:55:55',1);

/*Table structure for table `master_performance` */

DROP TABLE IF EXISTS `master_performance`;

CREATE TABLE `master_performance` (
  `id` int(11) NOT NULL AUTO_INCREMENT,
  `org_id` int(11) NOT NULL,
  `performance` varchar(255) NOT NULL,
  `is_deleted` int(11) NOT NULL,
  `createdon` timestamp NOT NULL,
  `createdby` int(11) NOT NULL,
  `last_modifiedon` timestamp NOT NULL,
  `last_modifiedby` int(11) NOT NULL,
  PRIMARY KEY (`id`),
  KEY `master_performance_ibfk_1` (`org_id`),
  CONSTRAINT `master_performance_ibfk_1` FOREIGN KEY (`org_id`) REFERENCES `master_organization` (`id`) ON DELETE NO ACTION ON UPDATE NO ACTION
) ENGINE=InnoDB AUTO_INCREMENT=6 DEFAULT CHARSET=latin1;

/*Data for the table `master_performance` */

insert  into `master_performance`(`id`,`org_id`,`performance`,`is_deleted`,`createdon`,`createdby`,`last_modifiedon`,`last_modifiedby`) values (1,1,'BE',0,'2020-02-27 17:53:13',1,'2020-02-27 17:53:13',1),(2,1,'E',0,'2020-02-27 17:53:13',1,'2020-02-27 17:53:13',1),(3,1,'E-',0,'2020-02-27 17:53:13',1,'2020-02-27 17:53:13',1),(4,1,'E+',0,'2020-02-27 17:53:13',1,'2020-02-27 17:53:13',1),(5,1,'X',0,'2020-02-27 17:53:13',1,'2020-02-27 17:53:13',1);

/*Table structure for table `master_question` */

DROP TABLE IF EXISTS `master_question`;

CREATE TABLE `master_question` (
  `id` int(11) NOT NULL AUTO_INCREMENT,
  `org_id` int(11) NOT NULL,
  `question_text` varchar(255) DEFAULT NULL,
  `ques_type_id` int(11) DEFAULT NULL,
  `dimension_id` int(11) DEFAULT NULL,
  `sub_dimension_id` int(11) DEFAULT NULL,
  `is_deleted` int(11) DEFAULT NULL,
  `createdon` timestamp NULL DEFAULT NULL,
  `createdby` int(11) DEFAULT NULL,
  `last_modifiedon` timestamp NULL DEFAULT NULL,
  `last_modifiedby` int(11) DEFAULT NULL,
  PRIMARY KEY (`id`),
  KEY `ques_type_id` (`ques_type_id`),
  KEY `dimension_id` (`dimension_id`),
  KEY `sub_dimension_id` (`sub_dimension_id`),
  KEY `master_question_ibfk_1` (`org_id`),
  CONSTRAINT `dimension_id` FOREIGN KEY (`dimension_id`) REFERENCES `master_dimension` (`id`) ON DELETE NO ACTION ON UPDATE NO ACTION,
  CONSTRAINT `master_question_ibfk_1` FOREIGN KEY (`org_id`) REFERENCES `master_organization` (`id`) ON DELETE NO ACTION ON UPDATE NO ACTION,
  CONSTRAINT `ques_type_id` FOREIGN KEY (`ques_type_id`) REFERENCES `master_question_type` (`id`) ON DELETE NO ACTION ON UPDATE NO ACTION
) ENGINE=InnoDB AUTO_INCREMENT=109 DEFAULT CHARSET=latin1;

/*Data for the table `master_question` */

insert  into `master_question`(`id`,`org_id`,`question_text`,`ques_type_id`,`dimension_id`,`sub_dimension_id`,`is_deleted`,`createdon`,`createdby`,`last_modifiedon`,`last_modifiedby`) values (1,1,'\"I am proud to work for [Company]\"',1,1,5,0,'2020-01-28 10:51:15',1,'2020-01-28 10:51:15',1),(2,1,'\"I would recommend [Company] as a great place to work\"',1,1,5,0,'2020-01-28 10:51:15',1,'2020-01-28 10:51:15',1),(3,1,'\"I rarely think about looking for a 4 at another company\"',1,1,1,0,'2020-01-28 10:51:15',1,'2020-01-28 10:51:15',1),(4,1,'\"I see myself still working at [company] in two years\' time\"',1,1,1,0,'2020-01-28 10:51:15',1,'2020-01-28 10:51:15',1),(5,1,'\"[Company] motivates me to go beyond what I would in a similar role elsewhere\"',1,1,1,0,'2020-01-28 10:51:15',1,'2020-01-28 10:51:15',1),(6,1,'\"The leaders at [company] keep people informed about what is happening\"',1,3,11,0,'2020-01-28 10:51:15',1,'2020-01-28 10:51:15',1),(7,1,'\"My manager is a great role model for employees\"',1,2,7,0,'2020-01-28 10:51:15',1,'2020-01-28 10:51:15',1),(8,1,'\"The leaders at [Company] have communicated a vision that motivates me\"',1,3,12,0,'2020-01-28 10:51:15',1,'2020-01-28 10:51:15',1),(9,1,'\"I have access to the things I need to do my 4 well\"',1,4,14,0,'2020-01-28 10:51:15',1,'2020-01-28 10:51:15',1),(10,1,'\"I have access to the learning and development I need to do my 4 well\"',1,4,14,0,'2020-01-28 10:51:15',1,'2020-01-28 10:51:15',1),(11,1,'\"Most of the systems and processes here support us getting our work done effectively\"',1,4,14,0,'2020-01-28 10:51:15',1,'2020-01-28 10:51:15',1),(12,1,'\"I know what I need to do to be successful in my role\"',1,1,4,0,'2020-01-28 10:51:15',1,'2020-01-28 10:51:15',1),(13,1,'\"I receive appropriate recognition when I do good work\"',1,2,7,0,'2020-01-28 10:51:15',1,'2020-01-28 10:51:15',1),(14,1,'\"Day-to-day decisions here demonstrate that quality and improvement are top priorities\"',1,1,5,0,'2020-01-28 10:51:15',1,'2020-01-28 10:51:15',1),(15,1,'\"My manager (or someone in management) has shown a genuine interest in my career aspirations\"',1,1,1,0,'2020-01-28 10:51:15',1,'2020-01-28 10:51:15',1),(16,1,'\"I believe there are good career opportunities for me at this company\"',1,1,1,0,'2020-01-28 10:51:15',1,'2020-01-28 10:51:15',1),(17,1,'\"Are there some things we are doing great here?\"',2,1,6,0,'2020-01-28 10:51:15',1,'2020-01-28 10:51:15',1),(18,1,'\"Are there some things we are not doing so great here?\"',2,1,6,0,'2020-01-28 10:51:15',1,'2020-01-28 10:51:15',1),(19,1,'\"Is there something else you think we should have asked you in this survey?\"',3,5,0,0,'2020-01-28 10:51:15',1,'2020-01-28 10:51:15',1),(20,1,'Most days, I feel like I am making progress on important work projects or initiatives. ',1,4,16,0,'2020-01-28 10:51:15',1,'2020-01-28 10:51:15',1),(21,1,'My work is valued by this 1.',1,1,5,0,'2020-01-28 10:51:15',1,'2020-01-28 10:51:15',1),(22,1,'I have received the training I need to do my 4 well.',1,4,15,0,'2020-01-28 10:51:15',1,'2020-01-28 10:51:15',1),(23,1,'The amount of work I am expected to do is reasonable.',1,4,14,0,'2020-01-28 10:51:15',1,'2020-01-28 10:51:15',1),(24,1,'The people I work with take accountability for results.',1,2,8,0,'2020-01-28 10:51:15',1,'2020-01-28 10:51:15',1),(25,1,'The people I work with treat me with respect.',1,2,8,0,'2020-01-28 10:51:15',1,'2020-01-28 10:51:15',1),(26,1,'The people on my 2 collaborate and help each other.',1,2,8,0,'2020-01-28 10:51:15',1,'2020-01-28 10:51:15',1),(27,1,'My manager regularly recognizes my efforts and contributions.',1,2,7,0,'2020-01-28 10:51:15',1,'2020-01-28 10:51:15',1),(28,1,'My manager treats people with fairness and respect.',1,2,7,0,'2020-01-28 10:51:15',1,'2020-01-28 10:51:15',1),(29,1,'My manager creates a positive and energizing workplace.',1,2,7,0,'2020-01-28 10:51:15',1,'2020-01-28 10:51:15',1),(30,1,'My manager gives me ongoing feedback about my performance.',1,2,7,0,'2020-01-28 10:51:15',1,'2020-01-28 10:51:15',1),(31,1,'The vision and goals of this 1 are important to me personally.',1,1,2,0,'2020-01-28 10:51:15',1,'2020-01-28 10:51:15',1),(32,1,'I am satisfied with the opportunities for my own professional growth in this 1.',1,1,1,0,'2020-01-28 10:51:15',1,'2020-01-28 10:51:15',1),(33,1,'I am confident that this 1 has a successful future.',1,1,2,0,'2020-01-28 10:51:15',1,'2020-01-28 10:51:15',1),(34,1,'This 1 values employee input, feedback, and suggestions.',1,1,5,0,'2020-01-28 10:51:15',1,'2020-01-28 10:51:15',1),(35,1,'This 1 cares about employees.',1,1,5,0,'2020-01-28 10:51:15',1,'2020-01-28 10:51:15',1),(36,1,'Have you met the last person we hired in your 2?',1,2,9,0,'2020-01-28 10:51:15',1,'2020-01-28 10:51:15',1),(37,1,'How many miles do you travel to/from work each day, and how long does it take?',2,1,3,0,'2020-01-28 10:51:15',1,'2020-01-28 10:51:15',1),(38,1,'Is risk-taking in the 2 encouraged?',1,2,7,0,'2020-01-28 10:51:15',1,'2020-01-28 10:51:15',1),(39,1,'Are project failures counstructively discussed during reviews?',1,2,7,0,'2020-01-28 10:51:15',1,'2020-01-28 10:51:15',1),(40,1,'Do you want more feedback about your performance?',1,4,14,0,'2020-01-28 10:51:15',1,'2020-01-28 10:51:15',1),(41,1,'How satisfied are you with your Compensation and Benefits?',1,1,3,0,'2020-01-28 10:51:15',1,'2020-01-28 10:51:15',1),(42,1,'Do we get together as a whole company often enough?',1,1,5,0,'2020-01-28 10:51:15',1,'2020-01-28 10:51:15',1),(43,1,'What would you want our 2 to be known for 20 years from now?',2,2,10,0,'2020-01-28 10:51:15',1,'2020-01-28 10:51:15',1),(44,1,'Have you ever been afraid to suggest an idea at work because you thought someone might shoot it down?',1,2,9,0,'2020-01-28 10:51:15',1,'2020-01-28 10:51:15',1),(45,1,'Do you feel like you know what is expected of you in each of the areas you are responsible for?',1,4,14,0,'2020-01-28 10:51:15',1,'2020-01-28 10:51:15',1),(46,1,'If someone asked you to describe the vision of the company, would a clear answer immediately come to mind?',1,1,2,0,'2020-01-28 10:51:15',1,'2020-01-28 10:51:15',1),(47,1,'Do you have time in your day to learn?',1,1,1,0,'2020-01-28 10:51:15',1,'2020-01-28 10:51:15',1),(48,1,'Do you feel like we have too many meetings?',1,1,5,0,'2020-01-28 10:51:15',1,'2020-01-28 10:51:15',1),(49,1,'What is the most repetitive part of your 4, and do you have any suggestions for streamlining it?',3,4,17,0,'2020-01-28 10:51:15',1,'2020-01-28 10:51:15',1),(50,1,'Do we provide enough context about how we\'re doing as a company?',1,1,5,0,'2020-01-28 10:51:15',1,'2020-01-28 10:51:15',1),(51,1,'Are there things you don\'t know about the company that you feel you should know?',1,1,4,0,'2020-01-28 10:51:15',1,'2020-01-28 10:51:15',1),(52,1,'Is there one specific part of your 4 that you find the most difficult? What is it and why?',3,4,17,0,'2020-01-28 10:51:15',1,'2020-01-28 10:51:15',1),(53,1,'Which core value of the 2 speaks to you most?',2,1,2,0,'2020-01-28 10:51:15',1,'2020-01-28 10:51:15',1),(54,1,'Do you crave more depth in any area of the work you do?',3,4,17,0,'2020-01-28 10:51:15',1,'2020-01-28 10:51:15',1),(55,1,'Do you feel like your ideas are being considered?',1,2,7,0,'2020-01-28 10:51:15',1,'2020-01-28 10:51:15',1),(56,1,'Do you feel comfortable speaking up if you see something at work that doesn\'t feel right?',1,1,5,0,'2020-01-28 10:51:15',1,'2020-01-28 10:51:15',1),(57,1,'Are you afraid of anything at work?',3,1,5,0,'2020-01-28 10:51:15',1,'2020-01-28 10:51:15',1),(58,1,'Do we make the time to recognize each other for a 4 well done?',1,2,7,0,'2020-01-28 10:51:15',1,'2020-01-28 10:51:15',1),(59,1,'Are you proud of how we treat our customers?',1,1,5,0,'2020-01-28 10:51:15',1,'2020-01-28 10:51:15',1),(60,1,'Is there anyone at the company you wish you could apprentice under or shadow for a day?',1,3,12,0,'2020-01-28 10:51:15',1,'2020-01-28 10:51:15',1),(61,1,'Are there any small things we could do to show our appreciation for each other\'s work?',3,2,10,0,'2020-01-28 10:51:15',1,'2020-01-28 10:51:15',1),(62,1,'Did you have at least one 4-hour block of uninterrupted time to work last week?',1,4,16,0,'2020-01-28 10:51:15',1,'2020-01-28 10:51:15',1),(63,1,'Have you been confused by any recent decisions at the company?',1,1,4,0,'2020-01-28 10:51:15',1,'2020-01-28 10:51:15',1),(64,1,'What is your most productive time of day?',2,1,4,0,'2020-01-28 10:51:15',1,'2020-01-28 10:51:15',1),(65,1,'Are there any benefits we don\'t offer that you\'d like to see us offer?',3,1,3,0,'2020-01-28 10:51:15',1,'2020-01-28 10:51:15',1),(66,1,'Did you take a vacation last year?',1,1,3,0,'2020-01-28 10:51:15',1,'2020-01-28 10:51:15',1),(67,1,'I feel happy at work.',1,1,2,0,'2020-01-28 10:51:15',1,'2020-01-28 10:51:15',1),(68,1,'I feel motivated by my role/workplace.',1,4,16,0,'2020-01-28 10:51:15',1,'2020-01-28 10:51:15',1),(69,1,'I feel aligned with the company goals.',1,1,2,0,'2020-01-28 10:51:15',1,'2020-01-28 10:51:15',1),(70,1,'I believe in our 3\'s approach to achieving these goals.',1,3,12,0,'2020-01-28 10:51:15',1,'2020-01-28 10:51:15',1),(71,1,'I know what is expected of me.',1,4,14,0,'2020-01-28 10:51:15',1,'2020-01-28 10:51:15',1),(72,1,'I have enough time to do my 4 well.',1,4,16,0,'2020-01-28 10:51:15',1,'2020-01-28 10:51:15',1),(73,1,'My work is well recognized.',1,2,7,0,'2020-01-28 10:51:15',1,'2020-01-28 10:51:15',1),(74,1,'I feel inspired to do my best.',1,2,9,0,'2020-01-28 10:51:15',1,'2020-01-28 10:51:15',1),(75,1,'I feel heard and valued by my manager.',1,2,7,0,'2020-01-28 10:51:15',1,'2020-01-28 10:51:15',1),(76,1,'I trust my colleagues and the people on my 2.',1,2,9,0,'2020-01-28 10:51:15',1,'2020-01-28 10:51:15',1),(77,1,'I enjoy working with my 2.',1,2,9,0,'2020-01-28 10:51:15',1,'2020-01-28 10:51:15',1),(78,1,'Management/3 show a genuine interest in my career goals.',1,3,11,0,'2020-01-28 10:51:15',1,'2020-01-28 10:51:15',1),(79,1,'I am challenged and excited by the work I do here.',1,4,16,0,'2020-01-28 10:51:15',1,'2020-01-28 10:51:15',1),(80,1,'If you could change one thing about your 4/workplace, what would it be?',3,4,17,0,'2020-01-28 10:51:15',1,'2020-01-28 10:51:15',1),(81,1,'What\'s your favorite thing about your 4/workplace?',3,4,17,0,'2020-01-28 10:51:15',1,'2020-01-28 10:51:15',1),(82,1,'What is the company\'s greatest weakness?',3,1,6,0,'2020-01-28 10:51:15',1,'2020-01-28 10:51:15',1),(83,1,'What is the company\'s greatest strength?',3,1,6,0,'2020-01-28 10:51:15',1,'2020-01-28 10:51:15',1),(84,1,'I have a clear understanding of my company\'s strategic goals.',1,1,4,0,'2020-01-28 10:51:15',1,'2020-01-28 10:51:15',1),(85,1,'I can easily see how my work affects the company\'s overall success.',1,1,2,0,'2020-01-28 10:51:15',1,'2020-01-28 10:51:15',1),(86,1,'It really feels like everyone is on the same 2 at my company.',1,1,5,0,'2020-01-28 10:51:15',1,'2020-01-28 10:51:15',1),(87,1,'My manager recognizes my full potential and capitalizes on my strengths.',1,4,14,0,'2020-01-28 10:51:15',1,'2020-01-28 10:51:15',1),(88,1,'I always want to give my best whenever I\'m at work.',1,1,5,0,'2020-01-28 10:51:15',1,'2020-01-28 10:51:15',1),(89,1,'The leaders of my company really know what they\'re doing.',1,3,12,0,'2020-01-28 10:51:15',1,'2020-01-28 10:51:15',1),(90,1,'I believe in my company\'s mission.',1,1,2,0,'2020-01-28 10:51:15',1,'2020-01-28 10:51:15',1),(91,1,'3 spends time in mentoring',1,3,11,0,'2020-01-28 10:51:15',1,'2020-01-28 10:51:15',1),(92,1,'If you were to be president of the company, what is the first thing you would change?',3,3,13,0,'2020-01-28 10:51:15',1,'2020-01-28 10:51:15',1),(104,1,'This is just test MCQ question',2,3,12,0,'2020-02-20 17:35:13',2,'2020-02-20 17:35:13',2),(105,1,'This is just a test open space question',3,3,11,0,'2020-02-20 17:40:52',2,'2020-02-20 17:40:52',2),(106,1,'This is just test MCQ question',2,1,3,0,'2020-02-25 12:32:25',2,'2020-02-25 12:32:25',2),(107,1,'This is just a test open space question',3,3,11,0,'2020-02-25 12:33:25',2,'2020-02-25 12:33:25',2),(108,1,'Please enter your name',1,2,7,0,'2020-02-25 12:34:34',2,'2020-02-25 12:34:34',2);

/*Table structure for table `master_question_likert_options` */

DROP TABLE IF EXISTS `master_question_likert_options`;

CREATE TABLE `master_question_likert_options` (
  `id` int(11) NOT NULL AUTO_INCREMENT,
  `ques_type_id` int(11) DEFAULT NULL,
  `option_value` text,
  `option_label` text,
  `option_order` int(11) DEFAULT NULL,
  `option_statement` varchar(255) DEFAULT NULL,
  `is_deleted` int(11) DEFAULT NULL,
  `createdon` timestamp NULL DEFAULT NULL,
  `createdby` int(11) DEFAULT NULL,
  `last_modifiedon` timestamp NULL DEFAULT NULL,
  `last_modifiedby` int(11) DEFAULT NULL,
  PRIMARY KEY (`id`),
  KEY `ques_type_id_ques_likert_scale` (`ques_type_id`)
) ENGINE=InnoDB AUTO_INCREMENT=6 DEFAULT CHARSET=latin1;

/*Data for the table `master_question_likert_options` */

insert  into `master_question_likert_options`(`id`,`ques_type_id`,`option_value`,`option_label`,`option_order`,`option_statement`,`is_deleted`,`createdon`,`createdby`,`last_modifiedon`,`last_modifiedby`) values (1,1,'Strongly Disagree','Strongly Disagree',1,NULL,0,'2020-01-28 14:48:01',1,'2020-01-28 14:48:01',1),(2,1,'Disagree','Disagree',2,NULL,0,'2020-01-28 14:48:01',1,'2020-01-28 14:48:01',1),(3,1,'Neither Agree nor Disagree','Neither Agree nor Disagree',3,NULL,0,'2020-01-28 14:48:01',1,'2020-01-28 14:48:01',1),(4,1,'Agree','Agree',4,NULL,0,'2020-01-28 14:48:01',1,'2020-01-28 14:48:01',1),(5,1,'Stongly Agree','Stongly Agree',5,NULL,0,'2020-01-28 14:48:01',1,'2020-01-28 14:48:01',1);

/*Table structure for table `master_question_options` */

DROP TABLE IF EXISTS `master_question_options`;

CREATE TABLE `master_question_options` (
  `id` int(11) NOT NULL AUTO_INCREMENT,
  `question_id` int(11) DEFAULT NULL,
  `ques_type_id` int(11) DEFAULT NULL,
  `option_value` text,
  `option_label` text,
  `option_order` int(11) DEFAULT NULL,
  `option_statement` varchar(255) DEFAULT NULL,
  `is_deleted` int(11) DEFAULT NULL,
  `createdon` timestamp NULL DEFAULT NULL,
  `createdby` int(11) DEFAULT NULL,
  `last_modifiedon` timestamp NULL DEFAULT NULL,
  `last_modifiedby` int(11) DEFAULT NULL,
  PRIMARY KEY (`id`),
  KEY `question_id` (`question_id`),
  KEY `ques_type_id` (`ques_type_id`)
) ENGINE=InnoDB AUTO_INCREMENT=50 DEFAULT CHARSET=latin1;

/*Data for the table `master_question_options` */

insert  into `master_question_options`(`id`,`question_id`,`ques_type_id`,`option_value`,`option_label`,`option_order`,`option_statement`,`is_deleted`,`createdon`,`createdby`,`last_modifiedon`,`last_modifiedby`) values (1,17,2,'Work life balance','Work life balance',1,NULL,0,'2020-01-28 10:53:38',1,'2020-01-28 10:53:38',1),(2,17,2,'Employee experience','Employee experience',2,NULL,0,'2020-01-28 10:53:38',1,'2020-01-28 10:53:38',1),(3,17,2,'Salary/Benefits','Salary/Benefits',3,NULL,0,'2020-01-28 10:53:38',1,'2020-01-28 10:53:38',1),(4,17,2,'Job Security','Job Security',4,NULL,0,'2020-01-28 10:53:38',1,'2020-01-28 10:53:38',1),(5,18,2,'Work life balance','Work life balance',1,NULL,0,'2020-01-28 10:53:38',1,'2020-01-28 10:53:38',1),(6,18,2,'Employee experience','Employee experience',2,NULL,0,'2020-01-28 10:53:38',1,'2020-01-28 10:53:38',1),(7,18,2,'Salary/Benefits','Salary/Benefits',3,NULL,0,'2020-01-28 10:53:38',1,'2020-01-28 10:53:38',1),(8,18,2,'Job Security','Job Security',4,NULL,0,'2020-01-28 10:53:38',1,'2020-01-28 10:53:38',1),(9,37,2,'3 - 5 Kms','3 - 5 Kms',1,NULL,0,'2020-01-28 10:53:38',1,'2020-01-28 10:53:38',1),(10,37,2,'5 - 10 Kms','5 - 10 Kms',2,NULL,0,'2020-01-28 10:53:38',1,'2020-01-28 10:53:38',1),(11,37,2,'10 - 15 Kms','10 - 15 Kms',3,NULL,0,'2020-01-28 10:53:38',1,'2020-01-28 10:53:38',1),(12,37,2,'More than 15 Kms ','More than 15 Kms ',4,NULL,0,'2020-01-28 10:53:38',1,'2020-01-28 10:53:38',1),(13,43,2,'Product/Service excellence','Product/Service excellence',1,NULL,0,'2020-01-28 10:53:38',1,'2020-01-28 10:53:38',1),(14,43,2,'A well bonded team','A well bonded team',2,NULL,0,'2020-01-28 10:53:38',1,'2020-01-28 10:53:38',1),(15,43,2,'A team with a Big vision','A team with a Big vision',3,NULL,0,'2020-01-28 10:53:38',1,'2020-01-28 10:53:38',1),(16,43,2,'A team of excellent individuals','A team of excellent individuals',4,NULL,0,'2020-01-28 10:53:38',1,'2020-01-28 10:53:38',1),(17,53,2,'Collaboration','Collaboration',1,NULL,0,'2020-01-28 10:53:38',1,'2020-01-28 10:53:38',1),(18,53,2,'Proactivity','Proactivity',2,NULL,0,'2020-01-28 10:53:38',1,'2020-01-28 10:53:38',1),(19,53,2,'Team Work','Team Work',3,NULL,0,'2020-01-28 10:53:38',1,'2020-01-28 10:53:38',1),(20,53,2,'Ownership','Ownership',4,NULL,0,'2020-01-28 10:53:38',1,'2020-01-28 10:53:38',1),(21,64,2,'07:00 - 10:00','07:00 - 10:00',1,NULL,0,'2020-01-28 10:53:38',1,'2020-01-28 10:53:38',1),(22,64,2,'10:00 - 13:00','10:00 - 13:00',2,NULL,0,'2020-01-28 10:53:38',1,'2020-01-28 10:53:38',1),(23,64,2,'13:00 - 16:00','13:00 - 16:00',3,NULL,0,'2020-01-28 10:53:38',1,'2020-01-28 10:53:38',1),(24,64,2,'16:00 - 19:00','16:00 - 19:00',4,NULL,0,'2020-01-28 10:53:38',1,'2020-01-28 10:53:38',1),(25,64,2,'19:00 - 22:00','19:00 - 22:00',5,NULL,0,'2020-01-28 10:53:38',1,'2020-01-28 10:53:38',1),(26,64,2,'22:00 - 01:00','22:00 - 01:00',6,NULL,0,'2020-01-28 10:53:38',1,'2020-01-28 10:53:38',1),(27,64,2,'1:00 - 4:00','1:00 - 4:00',7,NULL,0,'2020-01-28 10:53:38',1,'2020-01-28 10:53:38',1),(28,64,2,'4:00 - 7:00','4:00 - 7:00',8,NULL,0,'2020-01-28 10:53:38',1,'2020-01-28 10:53:38',1),(40,104,2,'Option 1','Option 1',1,'',0,'2020-02-20 17:35:14',2,'2020-02-20 17:35:14',2),(41,104,2,'Option 2','Option 2',2,'',0,'2020-02-20 17:35:14',2,'2020-02-20 17:35:14',2),(42,104,2,'Option 3','Option 3',3,'',0,'2020-02-20 17:35:14',2,'2020-02-20 17:35:14',2),(43,106,2,'Option 1','Option 1',1,'',0,'2020-02-25 12:32:25',2,'2020-02-25 12:32:25',2),(44,106,2,'Option 2','Option 2',2,'',0,'2020-02-25 12:32:25',2,'2020-02-25 12:32:25',2),(45,106,2,'Option 3','Option 3',3,'',0,'2020-02-25 12:32:25',2,'2020-02-25 12:32:25',2),(46,106,2,'Option 4','Option 4',4,'',0,'2020-02-25 12:32:25',2,'2020-02-25 12:32:25',2),(47,106,2,'Option 5','Option 5',5,'',0,'2020-02-25 12:32:25',2,'2020-02-25 12:32:25',2),(48,106,2,'Option 6','Option 6',6,'',0,'2020-02-25 12:32:25',2,'2020-02-25 12:32:25',2),(49,106,2,'Option 7','Option 7',7,'',0,'2020-02-25 12:32:25',2,'2020-02-25 12:32:25',2);

/*Table structure for table `master_question_type` */

DROP TABLE IF EXISTS `master_question_type`;

CREATE TABLE `master_question_type` (
  `id` int(11) NOT NULL AUTO_INCREMENT,
  `question_types` varchar(255) DEFAULT NULL,
  `is_deleted` int(11) DEFAULT NULL,
  `createdon` timestamp NULL DEFAULT NULL,
  `createdby` int(11) DEFAULT NULL,
  `last_modifiedon` timestamp NULL DEFAULT NULL,
  `last_modifiedby` int(11) DEFAULT NULL,
  PRIMARY KEY (`id`)
) ENGINE=InnoDB AUTO_INCREMENT=4 DEFAULT CHARSET=latin1;

/*Data for the table `master_question_type` */

insert  into `master_question_type`(`id`,`question_types`,`is_deleted`,`createdon`,`createdby`,`last_modifiedon`,`last_modifiedby`) values (1,'Likert Scale',0,'2020-01-27 15:29:29',1,'2020-01-27 15:29:29',1),(2,'MCQ',0,'2020-01-27 15:29:29',1,'2020-01-27 15:29:29',1),(3,'Open Space',0,'2020-01-27 15:29:29',1,'2020-01-27 15:29:29',1);

/*Table structure for table `master_sub_dimension` */

DROP TABLE IF EXISTS `master_sub_dimension`;

CREATE TABLE `master_sub_dimension` (
  `id` int(11) NOT NULL AUTO_INCREMENT,
  `sub_dimension_text` varchar(255) DEFAULT NULL,
  `dimension_id` int(11) DEFAULT NULL,
  `is_deleted` int(11) DEFAULT NULL,
  `createdon` timestamp NULL DEFAULT NULL,
  `createdby` int(11) DEFAULT NULL,
  `last_modifiedon` timestamp NULL DEFAULT NULL,
  `last_modifiedby` int(11) DEFAULT NULL,
  PRIMARY KEY (`id`),
  KEY `dimension_id` (`dimension_id`),
  CONSTRAINT `dimension_id_sub_dimension` FOREIGN KEY (`dimension_id`) REFERENCES `master_dimension` (`id`) ON DELETE NO ACTION ON UPDATE NO ACTION
) ENGINE=InnoDB AUTO_INCREMENT=18 DEFAULT CHARSET=latin1;

/*Data for the table `master_sub_dimension` */

insert  into `master_sub_dimension`(`id`,`sub_dimension_text`,`dimension_id`,`is_deleted`,`createdon`,`createdby`,`last_modifiedon`,`last_modifiedby`) values (1,'Career',1,0,'2020-01-27 15:32:53',1,'2020-01-27 15:32:53',1),(2,'Purpose',1,0,'2020-01-27 15:32:53',1,'2020-01-27 15:32:53',1),(3,'Benefits',1,0,'2020-01-27 15:32:53',1,'2020-01-27 15:32:53',1),(4,'Role Enablement',1,0,'2020-01-27 15:32:53',1,'2020-01-27 15:32:53',1),(5,'Ethos',1,0,'2020-01-27 15:32:53',1,'2020-01-27 15:32:53',1),(6,'NA',1,0,'2020-01-27 15:32:53',1,'2020-01-27 15:32:53',1),(7,'Supervisor',2,0,'2020-01-27 15:32:53',1,'2020-01-27 15:32:53',1),(8,'Colleague',2,0,'2020-01-27 15:32:53',1,'2020-01-27 15:32:53',1),(9,'Self',2,0,'2020-01-27 15:32:53',1,'2020-01-27 15:32:53',1),(10,'NA',2,0,'2020-01-27 15:32:53',1,'2020-01-27 15:32:53',1),(11,'Sopport',3,0,'2020-01-27 15:32:53',1,'2020-01-27 15:32:53',1),(12,'Role Model',3,0,'2020-01-27 15:32:53',1,'2020-01-27 15:32:53',1),(13,'NA',3,0,'2020-01-27 15:32:53',1,'2020-01-27 15:32:53',1),(14,'Supervisor',4,0,'2020-01-27 15:32:53',1,'2020-01-27 15:32:53',1),(15,'Resources',4,0,'2020-01-27 15:32:53',1,'2020-01-27 15:32:53',1),(16,'Initiatives',4,0,'2020-01-27 15:32:53',1,'2020-01-27 15:32:53',1),(17,'NA',4,0,'2020-01-27 15:32:53',1,'2020-01-27 15:32:53',1);

/*Table structure for table `master_tenure` */

DROP TABLE IF EXISTS `master_tenure`;

CREATE TABLE `master_tenure` (
  `id` int(11) NOT NULL AUTO_INCREMENT,
  `org_id` int(11) NOT NULL,
  `tenure_cuts` varchar(255) DEFAULT NULL,
  `is_deleted` int(11) DEFAULT NULL,
  `createdon` timestamp NULL DEFAULT NULL,
  `createdby` int(11) DEFAULT NULL,
  `last_modifiedon` timestamp NULL DEFAULT NULL,
  `last_modifiedby` int(11) DEFAULT NULL,
  PRIMARY KEY (`id`),
  KEY `master_tenure_ibfk_1` (`org_id`),
  CONSTRAINT `master_tenure_ibfk_1` FOREIGN KEY (`org_id`) REFERENCES `master_organization` (`id`) ON DELETE NO ACTION ON UPDATE NO ACTION
) ENGINE=InnoDB AUTO_INCREMENT=14 DEFAULT CHARSET=latin1;

/*Data for the table `master_tenure` */

insert  into `master_tenure`(`id`,`org_id`,`tenure_cuts`,`is_deleted`,`createdon`,`createdby`,`last_modifiedon`,`last_modifiedby`) values (1,1,'30 days',0,'2020-01-27 15:08:39',1,'2020-01-27 15:08:39',1),(2,1,'60 days',0,'2020-01-27 15:09:02',1,'2020-01-27 15:09:02',1),(3,1,'90 days',0,'2020-01-27 15:09:19',1,'2020-01-27 15:09:19',1),(4,1,'6 months',0,'2020-01-27 15:09:43',1,'2020-01-27 15:09:43',1),(5,1,'1 years',0,'2020-01-27 15:09:57',1,'2020-01-27 15:09:57',1),(6,1,'3 years',0,'2020-01-27 15:10:16',1,'2020-01-27 15:10:16',1),(7,1,'5 years',0,'2020-01-27 15:10:36',1,'2020-01-27 15:10:36',1),(8,1,'7 years',0,'2020-01-27 15:10:58',1,'2020-01-27 15:10:58',1),(9,1,'10 years',0,'2020-01-27 15:11:12',1,'2020-01-27 15:11:12',1),(10,1,'20 years',0,'2020-01-27 15:11:28',1,'2020-01-27 15:11:28',1),(11,1,'20 to 30 years',0,'2020-01-27 15:11:56',1,'2020-01-27 15:11:56',1),(12,1,'30 to 40 years',0,'2020-01-27 15:12:12',1,'2020-01-27 15:12:12',1),(13,1,'40 years and above',0,'2020-01-27 15:12:27',1,'2020-01-27 15:12:27',1);

/*Table structure for table `tbl_assigned_question` */

DROP TABLE IF EXISTS `tbl_assigned_question`;

CREATE TABLE `tbl_assigned_question` (
  `id` int(11) NOT NULL AUTO_INCREMENT,
  `project_id` int(11) DEFAULT NULL,
  `question_id` int(11) DEFAULT NULL,
  `employee_id` int(11) DEFAULT NULL,
  `start_date_week` date DEFAULT NULL,
  `end_date_week` date DEFAULT NULL,
  `week_number` int(11) DEFAULT NULL,
  `survey_code` varchar(255) DEFAULT NULL,
  `employee_answer` text,
  `emp_option_value` int(11) DEFAULT NULL,
  `status` varchar(255) DEFAULT NULL,
  `completedon` timestamp NULL DEFAULT NULL,
  `is_deleted` int(11) DEFAULT NULL,
  `createdby` int(11) DEFAULT NULL,
  `createdon` timestamp NULL DEFAULT NULL,
  `last_modifiedon` timestamp NULL DEFAULT NULL,
  `last_modifiedby` int(11) DEFAULT NULL,
  PRIMARY KEY (`id`),
  KEY `question_id` (`question_id`),
  KEY `employee_id` (`employee_id`),
  CONSTRAINT `employee_id` FOREIGN KEY (`employee_id`) REFERENCES `master_employee` (`id`) ON DELETE NO ACTION ON UPDATE NO ACTION,
  CONSTRAINT `question_id` FOREIGN KEY (`question_id`) REFERENCES `master_question` (`id`) ON DELETE NO ACTION ON UPDATE NO ACTION
) ENGINE=InnoDB AUTO_INCREMENT=33 DEFAULT CHARSET=latin1;

/*Data for the table `tbl_assigned_question` */

insert  into `tbl_assigned_question`(`id`,`project_id`,`question_id`,`employee_id`,`start_date_week`,`end_date_week`,`week_number`,`survey_code`,`employee_answer`,`emp_option_value`,`status`,`completedon`,`is_deleted`,`createdby`,`createdon`,`last_modifiedon`,`last_modifiedby`) values (1,15,1,2,'2020-02-16','2020-02-23',1,'7b190e9d','Neither Agree nor Disagree',3,'complete','2020-02-26 11:04:33',0,2,'2020-02-25 18:14:05','2020-02-26 11:04:33',2),(2,15,43,2,'2020-02-16','2020-02-23',1,'7b190e9d','A team with a Big vision',3,'complete','2020-02-26 11:04:33',0,2,'2020-02-25 18:14:05','2020-02-26 11:04:33',2),(3,15,92,2,'2020-02-16','2020-02-23',1,'7b190e9d','This is just test comment.',NULL,NULL,NULL,0,2,'2020-02-25 18:14:05','2020-02-25 18:14:05',2),(4,15,10,2,'2020-02-16','2020-02-23',1,'7b190e9d','Agree',4,'complete','2020-02-26 11:04:33',0,2,'2020-02-25 18:14:05','2020-02-26 11:04:33',2),(5,15,1,3,'2020-02-16','2020-02-23',1,'7b2e0e9e','Disagree',2,'complete','2020-02-25 18:23:12',0,2,'2020-02-25 18:14:05','2020-02-25 18:23:12',2),(6,15,43,3,'2020-02-16','2020-02-23',1,'7b2e0e9e','A well bonded team',2,'complete','2020-02-25 18:23:12',0,2,'2020-02-25 18:14:05','2020-02-25 18:23:12',2),(7,15,92,3,'2020-02-16','2020-02-23',1,'7b2e0e9e','This is just test comment.',NULL,NULL,NULL,0,2,'2020-02-25 18:14:05','2020-02-25 18:14:05',2),(8,15,10,3,'2020-02-16','2020-02-23',1,'7b2e0e9e','Agree',4,'complete','2020-02-25 18:23:12',0,2,'2020-02-25 18:14:05','2020-02-25 18:23:12',2),(9,16,4,2,'2020-02-17','2020-02-24',1,'7b3b0e9e','Agree',4,'complete','2020-02-26 11:20:08',0,2,'2020-02-26 11:17:46','2020-02-26 11:20:08',2),(10,16,43,2,'2020-02-17','2020-02-24',1,'7b3b0e9e','A team with a Big vision',3,'complete','2020-02-26 11:20:08',0,2,'2020-02-26 11:17:46','2020-02-26 11:20:08',2),(11,16,92,2,'2020-02-17','2020-02-24',1,'7b3b0e9e','This is just test comment.',NULL,NULL,NULL,0,2,'2020-02-26 11:17:46','2020-02-26 11:17:46',2),(12,16,52,2,'2020-02-17','2020-02-24',1,'7b3b0e9e','This is just test comment.',NULL,NULL,NULL,0,2,'2020-02-26 11:17:46','2020-02-26 11:17:46',2),(13,16,4,3,'2020-02-17','2020-02-24',1,'7b500e9f','Disagree',2,'complete','2020-02-26 11:36:35',0,2,'2020-02-26 11:17:46','2020-02-26 11:36:35',2),(14,16,43,3,'2020-02-17','2020-02-24',1,'7b500e9f','A well bonded team',2,'complete','2020-02-26 11:36:35',0,2,'2020-02-26 11:17:46','2020-02-26 11:36:35',2),(15,16,92,3,'2020-02-17','2020-02-24',1,'7b500e9f','Test',0,'complete','2020-02-26 11:36:35',0,2,'2020-02-26 11:17:46','2020-02-26 11:36:35',2),(16,16,52,3,'2020-02-17','2020-02-24',1,'7b500e9f','Test comment',0,'complete','2020-02-26 11:36:35',0,2,'2020-02-26 11:17:46','2020-02-26 11:36:35',2),(17,16,4,4,'2020-02-17','2020-02-24',1,'7b650ea0','',NULL,NULL,NULL,0,2,'2020-02-26 11:17:46','2020-02-26 13:10:58',2),(18,16,43,4,'2020-02-17','2020-02-24',1,'7b650ea0','\r\n',NULL,NULL,NULL,0,2,'2020-02-26 11:17:46','2020-02-26 13:10:58',2),(19,16,92,4,'2020-02-17','2020-02-24',1,'7b650ea0','',NULL,NULL,NULL,0,2,'2020-02-26 11:17:46','2020-02-26 13:10:58',2),(20,16,52,4,'2020-02-17','2020-02-24',1,'7b650ea0','',NULL,NULL,NULL,0,2,'2020-02-26 11:17:46','2020-02-26 13:10:58',2),(21,16,1,2,'2020-02-25','2020-03-03',2,'7b3e0e9f',NULL,NULL,NULL,NULL,0,2,'2020-02-27 11:15:35','2020-02-27 11:15:35',2),(22,16,7,2,'2020-02-25','2020-03-03',2,'7b3e0e9f',NULL,NULL,NULL,NULL,0,2,'2020-02-27 11:15:35','2020-02-27 11:15:35',2),(23,16,6,2,'2020-02-25','2020-03-03',2,'7b3e0e9f',NULL,NULL,NULL,NULL,0,2,'2020-02-27 11:15:35','2020-02-27 11:15:35',2),(24,16,9,2,'2020-02-25','2020-03-03',2,'7b3e0e9f',NULL,NULL,NULL,NULL,0,2,'2020-02-27 11:15:35','2020-02-27 11:15:35',2),(25,16,1,3,'2020-02-25','2020-03-03',2,'7b530ea0','Disagree',2,'complete','2020-02-27 11:18:35',0,2,'2020-02-27 11:15:35','2020-02-27 11:18:35',2),(26,16,7,3,'2020-02-25','2020-03-03',2,'7b530ea0','Agree',4,'complete','2020-02-27 11:18:35',0,2,'2020-02-27 11:15:35','2020-02-27 11:18:35',2),(27,16,6,3,'2020-02-25','2020-03-03',2,'7b530ea0','Neither Agree nor Disagree',3,'complete','2020-02-27 11:18:35',0,2,'2020-02-27 11:15:35','2020-02-27 11:18:35',2),(28,16,9,3,'2020-02-25','2020-03-03',2,'7b530ea0','Neither Agree nor Disagree',3,'complete','2020-02-27 11:18:35',0,2,'2020-02-27 11:15:35','2020-02-27 11:18:35',2),(29,16,1,4,'2020-02-25','2020-03-03',2,'7b680ea1','Disagree',2,'complete','2020-02-27 15:10:37',0,2,'2020-02-27 11:15:35','2020-02-27 15:10:37',2),(30,16,7,4,'2020-02-25','2020-03-03',2,'7b680ea1','Strongly Disagree',1,'complete','2020-02-27 15:10:37',0,2,'2020-02-27 11:15:35','2020-02-27 15:10:37',2),(31,16,6,4,'2020-02-25','2020-03-03',2,'7b680ea1','Disagree',2,'complete','2020-02-27 15:10:37',0,2,'2020-02-27 11:15:35','2020-02-27 15:10:37',2),(32,16,9,4,'2020-02-25','2020-03-03',2,'7b680ea1','Strongly Disagree',1,'complete','2020-02-27 15:10:37',0,2,'2020-02-27 11:15:35','2020-02-27 15:10:37',2);

/*Table structure for table `tbl_email_logs` */

DROP TABLE IF EXISTS `tbl_email_logs`;

CREATE TABLE `tbl_email_logs` (
  `id` int(11) NOT NULL AUTO_INCREMENT,
  `subject` varchar(255) DEFAULT NULL,
  `content` text,
  `status` varchar(255) DEFAULT NULL,
  `sentby` varchar(255) DEFAULT NULL,
  `sendto` varchar(255) DEFAULT NULL,
  `is_deleted` int(11) DEFAULT NULL,
  `createdby` int(11) DEFAULT NULL,
  `createdon` timestamp NULL DEFAULT NULL,
  `last_modifiedon` timestamp NULL DEFAULT NULL,
  `last_modifiedby` int(11) DEFAULT NULL,
  PRIMARY KEY (`id`)
) ENGINE=InnoDB DEFAULT CHARSET=latin1;

/*Data for the table `tbl_email_logs` */

/*Table structure for table `tbl_employee_answer` */

DROP TABLE IF EXISTS `tbl_employee_answer`;

CREATE TABLE `tbl_employee_answer` (
  `id` int(11) NOT NULL AUTO_INCREMENT,
  `employee_id` int(11) DEFAULT NULL,
  `question_id` int(11) DEFAULT NULL,
  `answer` varchar(255) DEFAULT NULL,
  `answer_order` int(11) DEFAULT NULL,
  `is_deleted` int(11) DEFAULT NULL,
  `createdby` int(11) DEFAULT NULL,
  `createdon` timestamp NULL DEFAULT NULL,
  `last_modifiedon` timestamp NULL DEFAULT NULL,
  `last_modifiedby` int(11) DEFAULT NULL,
  PRIMARY KEY (`id`),
  KEY `employee_id` (`employee_id`),
  KEY `question_id` (`question_id`)
) ENGINE=InnoDB DEFAULT CHARSET=latin1;

/*Data for the table `tbl_employee_answer` */

/*Table structure for table `tbl_mail_templates` */

DROP TABLE IF EXISTS `tbl_mail_templates`;

CREATE TABLE `tbl_mail_templates` (
  `id` int(11) NOT NULL AUTO_INCREMENT,
  `name` enum('initiationmail','remaindermail') NOT NULL,
  `subject` text,
  `mailbody` longtext,
  `modified_by` int(11) DEFAULT NULL,
  `modified_on` date DEFAULT NULL,
  PRIMARY KEY (`id`)
) ENGINE=InnoDB AUTO_INCREMENT=3 DEFAULT CHARSET=latin1;

/*Data for the table `tbl_mail_templates` */

insert  into `tbl_mail_templates`(`id`,`name`,`subject`,`mailbody`,`modified_by`,`modified_on`) values (1,'initiationmail','Initiation Mail','<div class=\"_3U2q6dcdZCrTrR_42Nxby JWNdg1hee9_Rz6bIGvG1c allowTextSelection\" style=\"border:1px solid silver;padding:5px;\">\r\n							<div>\r\n								<div>\r\n									<div>\r\n										<div dir=\"ltr\"><font size=\"4\">\r\n										<div style=\"text-align:center;\">Welcome to the world of<b> KAIWA</b></div>\r\n										</font>\r\n										<div style=\"text-align:center;\"><br>\r\n\r\n										</div>\r\n										<div style=\"text-align:center;\">Our A.I. Chatbot, KAIWA engages you through smart conversations across employee lifecycles.</div>\r\n										<div style=\"text-align:center;\"><br>\r\n\r\n										</div>\r\n										<div style=\"text-align:center;\">\r\n										<img src=\"chatbot-1.png\" width=\"472\" height=\"173\" alt=\"blog-banner-ai-powered-chatbot-1.png\" style=\"cursor: pointer;\" crossorigin=\"use-credentials\">\r\n										</div>\r\n										<div style=\"text-align:center;\"><br>\r\n\r\n										</div>\r\n										<div style=\"text-align:center;\"><b><u><a href=\"appurl\">CLICK HERE TO BEGIN YOUR CONVERSATION!</a></u></b></div>\r\n										<div style=\"text-align:center;\">...</div>\r\n										<div>\r\n										<div style=\"text-align:center;\"><b><i><font size=\"4\">Continue reading...stories from KAIWA!</font></i></b></div>\r\n										<div style=\"text-align:center;\"><br>\r\n\r\n										</div>\r\n										<b>\r\n										<div style=\"text-align:center;\"><b><font size=\"4\">Thinking out of the box!</font></b></div>\r\n										</b>\r\n										<div style=\"text-align:center;\"><br>\r\n\r\n										</div>\r\n										<div style=\"text-align:center;\">\r\n										<img src=\"interview-question.jpg\" height=\"194\" alt=\"black-white-marbles-interview-question.jpg\" crossorigin=\"use-credentials\" style=\"cursor: pointer;\"><br>\r\n\r\n										</div>\r\n										<div style=\"text-align:center;\"><br>\r\n\r\n										</div>\r\n										<div style=\"text-align:center;\">In a small Italian town, hundreds of years ago, a small business owner owed a large sum of money to a loan-shark. The loan-shark was a very old, unattractive looking guy that just so happened to fancy the business owners daughter.</div>\r\n										<div style=\"text-align:center;\"><br>\r\n\r\n										</div>\r\n										<div style=\"text-align:center;\">He decided to offer the businessman a deal that would completely wipe out the debt he owed him. However, the catch was that we would only wipe out the debt if he could marry the businessmans daughter.</div>\r\n										<div style=\"text-align:center;\"><br>\r\n\r\n										</div>\r\n										<div style=\"text-align:center;\">Needless to say, this proposal was met with a look of disgust.</div>\r\n										<div style=\"text-align:center;\"><br>\r\n\r\n										</div>\r\n										<div style=\"text-align:center;\">The loan-shark said that he would place two pebbles into a bag, one white and one black.</div>\r\n										<div style=\"text-align:center;\"><br>\r\n\r\n										</div>\r\n										<div style=\"text-align:center;\">The daughter would then have to reach into the bag and pick out a pebble. If it was black, the debt would be wiped, but the loan-shark would then marry her. If it was white, the debt would also be wiped, but the daughter wouldnt\r\n										have to marry the loan-shark.</div>\r\n										<div style=\"text-align:center;\"><br>\r\n\r\n										</div>\r\n										<div style=\"text-align:center;\">Standing on a pebble-strewn path in the businessmans garden, the loan-shark bent over and picked up two pebbles.</div>\r\n										<div style=\"text-align:center;\"><br>\r\n\r\n										</div>\r\n										<div style=\"text-align:center;\">Whilst he was picking them up, the daughter noticed that hed picked up two black pebbles and placed them both into the bag.</div>\r\n										<div style=\"text-align:center;\"><br>\r\n\r\n										</div>\r\n										<div style=\"text-align:center;\">He then asked the daughter to reach into the bag and pick one.</div>\r\n										<div style=\"text-align:center;\"><br>\r\n\r\n										</div>\r\n										<div style=\"text-align:center;\">The daughter naturally had three choices as to what she could have done:</div>\r\n										<div style=\"text-align:center;\"><br>\r\n\r\n										</div>\r\n										<div style=\"text-align:center;\">\r\n										<ol>\r\n										<li style=\"text-align:left;\">Refuse to pick a pebble from the bag.</li><li style=\"text-align:left;\">Take both pebbles out of the bag and expose the loan-shark for cheating.</li><li style=\"text-align:left;\">Pick a pebble from the bag fully well knowing it was black and sacrifice herself for her fathers freedom.</li></ol>\r\n										</div>\r\n										<div style=\"text-align:center;\"><br>\r\n\r\n										</div>\r\n										<div style=\"text-align:center;\">She drew out a pebble from the bag, and before looking at it accidentally dropped it into the midst of the other pebbles. She said to the loan-shark;</div>\r\n										<div style=\"text-align:center;\"><br>\r\n\r\n										</div>\r\n										<div style=\"text-align:center;\">Oh, how clumsy of me. Never mind, if you look into the bag for the one that is left, you will be able to tell which pebble I picked.</div>\r\n										<div style=\"text-align:center;\"><br>\r\n\r\n										</div>\r\n										<div style=\"text-align:center;\">The pebble left in the bag is obviously black, and seeing as the loan-shark didnt want to be exposed, he had to play along as if the pebble the daughter dropped was white, and clear her fathers debt.</div>\r\n										<div style=\"text-align:center;\"><br>\r\n\r\n										</div>\r\n										<div style=\"text-align:center;\"><b>Moral of the story:</b></div>\r\n										<div style=\"text-align:center;\"><br>\r\n\r\n										</div>\r\n										<div style=\"text-align:center;\">Its always possible to overcome a tough situation throughout of the box thinking, and not give in to the only options you think you have to pick from.</div>\r\n										<div style=\"text-align:center;\"><br>\r\n\r\n										</div>\r\n										<div style=\"text-align:center;\"><br>\r\n\r\n										</div>\r\n										<div style=\"text-align:center;\"><br>\r\n\r\n										</div>\r\n										<div style=\"text-align:center;\"><br>\r\n\r\n										</div>\r\n										</div>\r\n									</div>\r\n								</div>\r\n							</div>\r\n						</div>',NULL,NULL),(2,'remaindermail','Remainder Mail','<div style=\"border:1px solid silver;padding:5px;\">\r\n						<div class=\"_3U2q6dcdZCrTrR_42Nxby JWNdg1hee9_Rz6bIGvG1c allowTextSelection\">\r\n							<div>\r\n								<div>\r\n								<div>\r\n								<div dir=\"ltr\"><font size=\"4\">\r\n								<div style=\"text-align:center;\">Welcome to the world of<b>&nbsp;KAIWA</b></div>\r\n								</font>\r\n								<div style=\"text-align:center;\"><br>\r\n\r\n								</div>\r\n								<div style=\"text-align:center;\">Our A.I. Chatbot, KAIWA awaits to engage you through smart conversations across employee lifecycles.</div>\r\n								<div style=\"text-align:center;\"><br>\r\n\r\n								</div>\r\n								<div style=\"text-align:center;\">\r\n									<img src=\"chatbot-1.png\" tabindex=\"0\" style=\"outline: 0px; cursor: pointer;\" crossorigin=\"use-credentials\">\r\n								</div>\r\n								<div style=\"text-align:center;\"><br>\r\n\r\n								</div>\r\n								<div style=\"text-align:center;\"><b><u><a href=\"appurl\">CLICK HERE TO BEGIN YOUR CONVERSATION!</a></u></b></div>\r\n								<div style=\"text-align:center;\">...</div>\r\n								<div>\r\n									<div style=\"text-align:center;\"><b><i><font size=\"4\">Continue reading...stories from KAIWA!</font></i></b></div>\r\n									<div style=\"text-align:center;\"><strong style=\"color:black;font-family:georgia,serif;vertical-align:baseline;margin:0;padding:0;border-width:0;letter-spacing:-0.02em;\"><br>\r\n\r\n									</strong></div>\r\n									<div style=\"text-align:center;\"><strong style=\"color:black;font-family:georgia,serif;vertical-align:baseline;margin:0;padding:0;border-width:0;letter-spacing:-0.02em;\"><font size=\"6\">The Group of Frogs</font></strong><br>\r\n\r\n									</div>\r\n									<b>\r\n									<div style=\"text-align:center;\"><font face=\"georgia,serif\">\r\n									<p style=\"color:black;font-weight:400;text-align:center;vertical-align:baseline;margin:0 0 20px 0;padding:0;border-width:0;line-height:2.4rem;\">\r\n									<span><img  width=\"580\" height=\"254\" alt=\"The Group of Frogs (Inspirational Short Stories)\" style=\"vertical-align:baseline;max-width:100%;margin:0;padding:0;border-width:0;opacity:1;\"></span></p>\r\n									</font></div>\r\n									</b>\r\n								</div>\r\n								<span style=\"color:black;font-family:georgia,serif;text-align:center;\">\r\n									<div style=\"text-align:center;\">As a group of frogs was traveling through the woods, two of them fell into a deep pit.&nbsp;When the other frogs crowded around the pit and saw how deep it was, they told the two frogs that there was no hope left for them.</div>\r\n									<div style=\"text-align:center;\"><br>\r\n\r\n									</div>\r\n								</span>\r\n								<span style=\"color:black;font-family:georgia,serif;text-align:center;\">\r\n									<div style=\"text-align:center;\">However, the two frogs decided to ignore what the others were saying and they proceeded to<strong style=\"vertical-align:baseline;margin:0;padding:0;border-width:0;\">&nbsp;try and jump out of the pit</strong>.</div>\r\n									<div style=\"text-align:center;\"><br>\r\n\r\n									</div>\r\n								</span>\r\n								<span style=\"color:black;font-family:georgia,serif;text-align:center;\">\r\n									<div style=\"text-align:center;\">Despite their efforts, the group of frogs at the top of the pit were still saying that they should just give up. That they would never make it out.</div>\r\n								</span>\r\n								<span style=\"color:black;font-family:georgia,serif;text-align:center;\">\r\n									<div style=\"text-align:center;\">Eventually, one of the frogs took heed to what the others were saying and he gave up, falling down to his death.&nbsp;The other frog continued to jump as hard as he could. Again, the crowd of frogs yelled at him to stop the pain and\r\n									just die.</div>\r\n									<div style=\"text-align:center;\"><br>\r\n\r\n									</div>\r\n								</span>\r\n								<span style=\"color:black;font-family:georgia,serif;text-align:center;\">\r\n									<div style=\"text-align:center;\">He jumped even harder and finally made it out. When he got out, the other frogs said,&nbsp;<strong style=\"vertical-align:baseline;margin:0;padding:0;border-width:0;\">Did you not hear us?</strong></div>\r\n								</span>\r\n								<span style=\"color:black;font-family:georgia,serif;text-align:center;\">\r\n									<div style=\"text-align:center;\">The frog explained to them that he was deaf.&nbsp;</div>\r\n									<div style=\"text-align:center;\"><br>\r\n\r\n									</div>\r\n									<div style=\"text-align:center;\">He thought&nbsp;<strong style=\"vertical-align:baseline;margin:0;padding:0;border-width:0;\">they were encouraging him</strong>&nbsp;the entire time.</div>\r\n								</span>\r\n								<strong style=\"color:black;font-family:georgia,serif;text-align:center;vertical-align:baseline;margin:0;padding:0;border-width:0;letter-spacing:-0.02em;\">\r\n									<div style=\"text-align:center;\"><strong style=\"vertical-align:baseline;margin:0;padding:0;border-width:0;letter-spacing:-0.02em;\"><br>\r\n\r\n									</strong></div>\r\n									<div style=\"text-align:center;\"><strong style=\"vertical-align:baseline;margin:0;padding:0;border-width:0;letter-spacing:-0.02em;\">Moral of the story:</strong></div>\r\n								</strong>\r\n								<div><b>\r\n									<div style=\"text-align:center;\"><font face=\"georgia,serif\">\r\n									<p style=\"color:black;font-weight:400;text-align:center;vertical-align:baseline;margin:0 0 20px 0;padding:0;border-width:0;line-height:2.4rem;\">\r\n									Peoples words can have a big effect on others lives. Think about what you say before it comes out of your mouth.&nbsp;</p>\r\n									<p style=\"color:black;font-weight:400;text-align:center;vertical-align:baseline;margin:0 0 20px 0;padding:0;border-width:0;line-height:2.4rem;\">\r\n									It might just be the difference between life and death.</p>\r\n									</font></div>\r\n									</b>\r\n								</div>\r\n								\r\n								</div>\r\n								</div>\r\n								</div>\r\n							</div>\r\n						</div>\r\n						<div class=\"_1yuNDaQBDoy0YwHOMGXFkz\"></div>\r\n					</div>',NULL,NULL);

/*Table structure for table `tbl_project` */

DROP TABLE IF EXISTS `tbl_project`;

CREATE TABLE `tbl_project` (
  `id` int(11) NOT NULL AUTO_INCREMENT,
  `org_id` int(11) DEFAULT NULL,
  `project_name` text,
  `project_type` text,
  `project_description` varchar(255) DEFAULT NULL,
  `project_status` int(11) DEFAULT NULL,
  `project_logo` longtext,
  `start_date` date DEFAULT NULL,
  `end_date` date DEFAULT NULL,
  `is_deleted` int(11) DEFAULT NULL,
  `createdon` timestamp NULL DEFAULT NULL,
  `createdby` int(11) DEFAULT NULL,
  `last_modifiedon` timestamp NULL DEFAULT NULL,
  `last_modifiedby` int(11) DEFAULT NULL,
  PRIMARY KEY (`id`),
  KEY `org_id_project` (`org_id`),
  CONSTRAINT `org_id_project` FOREIGN KEY (`org_id`) REFERENCES `master_organization` (`id`) ON DELETE NO ACTION ON UPDATE NO ACTION
) ENGINE=InnoDB AUTO_INCREMENT=17 DEFAULT CHARSET=latin1;

/*Data for the table `tbl_project` */

insert  into `tbl_project`(`id`,`org_id`,`project_name`,`project_type`,`project_description`,`project_status`,`project_logo`,`start_date`,`end_date`,`is_deleted`,`createdon`,`createdby`,`last_modifiedon`,`last_modifiedby`) values (15,1,'Test Project','','Lorem ipsum dolor sit amet, consectetur adipiscing elit, sed do eiusmod tempor incididunt ut labore et dolore magna aliqua. Ut enim ad minim veniam, quis nostrud exercitation ullamco laboris nisi ut aliquip ex ea commodo consequat.',1,'data:image/jpg;base64,/9j/4AAQSkZJRgABAQAAAQABAAD/2wBDAAMCAgMCAgMDAwMEAwMEBQgFBQQEBQoHBwYIDAoMDAsKCwsNDhIQDQ4RDgsLEBYQERMUFRUVDA8XGBYUGBIUFRT/2wBDAQMEBAUEBQkFBQkUDQsNFBQUFBQUFBQUFBQUFBQUFBQUFBQUFBQUFBQUFBQUFBQUFBQUFBQUFBQUFBQUFBQUFBT/wAARCABkAGQDAREAAhEBAxEB/8QAHQABAAICAwEBAAAAAAAAAAAAAAYHBQgBAgQJA//EAD4QAAECBQIEBAIGBgsAAAAAAAECAwAEBQYRByEIEjFBE1FhcSIyFBVCUmKBCSMkQ5GhFyVTY3JzgpKxs/H/xAAbAQEAAgMBAQAAAAAAAAAAAAAABQYBAwQCB//EADQRAAICAQIEAgYKAwEAAAAAAAABAgMEBRESITFRE2FBcYGh0eEGFCIjUpGxwfDxJDIzQv/aAAwDAQACEQMRAD8A+qcAIAQAgBACAEAIAQAgBACAEAIAQAgBACAEAIAQBhZi4m2bykaDlBdmZB+dI35gltxlH8CXf5QBmoAQAgBACAEAIAQAgBACAEAa/WffTF4cWFz+AsOSNFpaKC0tBykzClF9z/pUk/5YjYoOUW16P6/c8SmotJ+n4bmwMaz2IAQAgBACAEAIAQBjrhr0nbFEnKpPupZlJVsuLUo46dB7k7fnG2qqV01XBc2arbY0wdk3yR6KdOfWFPlZrw1M+O0l3w1/MjmAOD6jMeZx4JOPY9QlxxUu5UnE1rzJ6KWO8Zd5ty5p9Bap0r1UFHYuqH3U/wAzgR5PZVHCTZ05btdp8hPhS6yqXduKsLWcradfHhSrK/xeGt5wg/fiVVXhYMrpf+2kvUubf57IiZW+LnRpj/4Tb9b5JflubdxEksIAQAgBACAEAIArrUrX6ydK2HBWKw0ueSCU0+VPivqPlyj5f9WIlsPS8rNf3UeXd8kROZqmLhL72fPsubK1tpF1cQValbkuyTVaunlOcE3KUh9XKudUndLj5OPgHXBwP+Ylr5Y2k1umiXHa+Tl6F6iJojk6tYrr48FS5qPpfrPx1m41raszxKRZ4F2XItXhNiWyqXbX03UPnOeyevnFU2LYUMKRMWvVf6SNYHFVq9JzC6JaazzOFf7tbyB8iEkjCO/v0mtO0y3Pny5QXVkLqWp1YEOfOb6I2h4ZqBN0WTr8xXVKmLwqbrU/V3T0ZW4lSm5f0KEFJI7eIIzq2VXfaqqP+cFsv3ftPOk4tlFTtv8A+k3u/wBl7C7YgycEAIAQBrbxEcU1EtukztvWvcLbdyl4Sz8y00pwSacnxCDjCljGMA7H2i3aVott01dkQ+xtul37ewqOq61VTB00T+3vs327+00qqOq91ytbffp95VuZQlzLc27MLbcX+Ip5jj+Jj6HDBx3WlOqK8tj55POyFNuFsn57lqad8auo9Cfl5KcS1djaiEJamGj46vQKRuT75iFy/o7hWpzj9j1dPeTWJ9Is2pqEvt+vr7i2a9M6yan0xyqXRXJLSKzcZXzueG+pGO4zzEnpgke0V7xNI0zlBeLNfl8P1LF4er6nzm/Cg/R6fiVhSb6060/qyZbTe06jqneGfhq9TaW42F+bbYGT74Sd+piJzNay8tcG/DHsuRLYeiYuI+Pbil3fM9l62vqjqBKJqGrt7ydg24oc6KYpweItI7Ilmz8Rxt8RyO4iMx8W/Klw0wcn/PSSmRl0YkeK6SSMFa1z0i3qh9R6JWfNVi4XByKuWqsh6aA6FTaPkZT+IxcMfQacWPj6jNJdv519hTcjX7suXgadBt9/509pM6DaTGlVzszdafGoetdTX+w0dDheap7h6Ovr7cuc74wOmOsR+pa0rofVsNcNf6/IkNM0V0z+tZj4rP0+ZtzpfZT1j2umWnps1GtTbqp2pzx6vzK8c6h+EYCUjslIipFtJdACAEAIAhdV0XsSty0yxOWlSHhMqWt1z6IgOFSiSpXOBzA5J3zEhDUMutpxtfLz/Yj56fiWJqVS5+RorxH8Mc1pleNOTbjT09RK0+GZNCviWy8f3RPfzB8vaPpWkazHMpl4/KUFz813Pmur6NLDuj4HOM3y8n2LioVt27wmW/TWGKUm8dWqykCWk2Uc60Ej7PXkbT3V1Vjy6UfVdXt1CbjF7Vrou/my8aVpFWnwUpLex9X28kRy9LUkGHmrl4hbwXP1BYLkpZtIdPK0PukJO22xORuN1mOLC03JzntTHl3fQ7s3UsbAW90ufZdTxULVi+r9aVQdFrFl7SoaTyrnJZhAV3+JbqgEJODnufWLbHSdO02PHnWcT7fLqyoy1bUdSlwYNfCu/wA+iI/X9OrFsGeXUdXL+fuq4lfEuh0VwvvLPZK3VHbv15fQxz5H0jVcfDwa1Fd38Dpx/o27JeJnWOT7L4k5strUnVSnIpem9ry2kliuAJXVFo/a5hH3go/Eo+o/3RUMjKuyZcd0nJlvx8WnFjwUxSRsRo5oHbejMk6qnoXUK3NDM5WJz45h8nc7/ZTnsPzyY5DqLLgBACAEAIAQBj6vSJSqJl3JqVTNuSbomZcHqlxPykesbIWSr34Xtutma51xs24l0e6NUNcdQBoEJqoteFPapXMFOOT7g5xTZXOEttg9ABgAdzknO0WbQ9JWfN2W/wCkfeyta5qzwIKqr/eXuXciuivDxK1yiTOqWrU66ullCpwS844oKeQP3jquuD2SNzt7RNatrSxP8TC2W3Vr0eSITSdFeX/l5rb36J+nzZGr44ga3qmV0m2Z6W0y0zll+AJoDwFup7gcm5JG/ho38zFAnOVknKb3b7n0GEI1xUYLZLsSTR9zQq2XmU25WqfXbvKsJnbtYdYZWv8Au8pKUknoSCc9491eFv8Ae77eRrt8Xh+6238yxatqre9t11qSnKym2p+YPNKM19huapc4D0S1NshHL5DmTErLS3ZW7sSfiJdV0kvWvgRUdTVdipy4eG30fWL9T+JPrK4jGH7hata+6Uuy7ncx4AmHAuTnfIsPdFZ8jiINrYnOpcwORkbiMA5gBACAEAIAQB88uImnquDi6l6dVwr6G/NyTHKvYFklIwPQ5I/OPqukz8LSHOvqlJ+0+VatHxdXULOjcV7C0/0hVyTNB09tW25MqYkKlNL8YNnAKGUo5UHzGVg4/CI+WbuTbZ9USUVsivuH/RChajax3DSLgT9MoVntJlpSm8xS3MEqx4px1CiCs+ZWnsAIGS0kaOad3Nqpc2mNUtuUKZaRaqlPqUn+qmGULJSppSh1KSMgkdD6RgEYqFNqHDrOIsnUFKrv0eq6vBlalMIy5TVE7BR+zj09x3EdFF9mPYrans0c99FeTW6rVumdrupUrp5LStoX6pV0aU1c5olyJVzv0pRGUjnHYZB9t998WmVFWtVO7HXDcusfRLzRVo326Jaqch8VL6S/D5MzVo6wXDw4ViRtnUKbVX7HnQPqa7WfjAbPypcPfbHr33EVCUXFuLWzRb4yUkpRe6ZtXTqjK1eRYnZKYbm5R9AW08yoKQtJ7giPB6PTACAEAIAQBRPErw4jV2Xla3RH0U+7acB4DyjhL6QchKj2IPQ9osuj6t9QbqtW9cuvkVrV9J+vpW1PayPTzIZflqz/ABG6VM2nckk5bOpNGPiSyJxBSxNKAwotr3CkrSN8HIIG2I4s7EhVN240uKt+7yfY7cDLnZFVZMeGxdV380/Sa7W8rWHSy8GVsWTU3Lllm0ySZ9mWdUl5oDlSlwo/VuAAAAq3AA8oiSYNruGLR657eqtdv6/3/GvCvAILJIP0dkYODjYHYDA2AGO8YBdV42fSr8tueoValUTlOnGy242sdPJQ8iDuDGAaiyL50RqU3pBqm2uq6c1ckUWtOjaXyfhSVfZ5Tj/Cd+hjqx8izGsV1T2aOfIx68qp1WrdM7PF/QNbli6gyZu7SSrK/q+qFPifRArpuOmAc4HunuIuFtNOvVePj7RuXVd/5/ZTar7tBt8DI3lS+j7fz+jJ0mydQdCmRW9JKo3qBp9Mkv8A1K88HFtJP9mc9vQg7bgxSrK51ScLFs0XauyFsVOt7pkupHHNZ7IEvdlGrdpVIZC2JuUKkgjrg7H+Ua9jYS6kcU9n3Q8li2pOuXK+s8qU02mrUnPqtXKke5MNgWZSJur1CSS/NyTNMdXuJZbhdUgduZQwM+g6eZjAMvACAEAdVNpUpKikFSflJG49ozuY2O0YMiAEARbUjTahaq2tM0G4JQTMo8MoWNnGV9loV2UP/YA1xZpF86DU+YtW7KC9qhpW6Chp+VZ8abk2+wU2dyAB7DqCOkbqrZ0zVlctmjVbVC+DrsW6ZE6VK0m1Jt+q6O6tSVAZWrnetu6Hvo6Uq+7h0b46bgn1i1x1fGzIqGpVbv8AEupVJaPk4cnPTbdl+F9C0LX1C1huBA57ItS4EJwn6xk59BaV+IkKVn2A/KOWzH0d84XSXlt8jpryNYXKdMX57/Mtq06fery0u1s0OhsA5+h0ZpTq1einV4GPQI/OIi54keVKlLzey9y+JL0rLnzucY+S5+9/AnMR5ICAEAIAQAgBACAEAcEZGDuIA866ZJuPpeXKMLeT8rimwVD2OIA9CUpQMJASPICAOYAQAgBACAEAIAQAgBACAEAIAQAgD//Z','2020-02-25','2020-04-30',0,'2020-02-25 17:58:54',2,'2020-02-25 17:58:54',2),(16,1,'Pulse Beats','','This is the pulse beats survey project created for testing purpose.',1,'data:image/jpeg;base64,/9j/4AAQSkZJRgABAQEAAAAAAAD/2wBDAAgGBgcGBQgHBwcJCQgKDBQNDAsLDBkSEw8UHRofHh0aHBwgJC4nICIsIxwcKDcpLDAxNDQ0Hyc5PTgyPC4zNDL/2wBDAQkJCQwLDBgNDRgyIRwhMjIyMjIyMjIyMjIyMjIyMjIyMjIyMjIyMjIyMjIyMjIyMjIyMjIyMjIyMjIyMjIyMjL/wAARCASwBLADASIAAhEBAxEB/8QAHwAAAQUBAQEBAQEAAAAAAAAAAAECAwQFBgcICQoL/8QAtRAAAgEDAwIEAwUFBAQAAAF9AQIDAAQRBRIhMUEGE1FhByJxFDKBkaEII0KxwRVS0fAkM2JyggkKFhcYGRolJicoKSo0NTY3ODk6Q0RFRkdISUpTVFVWV1hZWmNkZWZnaGlqc3R1dnd4eXqDhIWGh4iJipKTlJWWl5iZmqKjpKWmp6ipqrKztLW2t7i5usLDxMXGx8jJytLT1NXW19jZ2uHi4+Tl5ufo6erx8vP09fb3+Pn6/8QAHwEAAwEBAQEBAQEBAQAAAAAAAAECAwQFBgcICQoL/8QAtREAAgECBAQDBAcFBAQAAQJ3AAECAxEEBSExBhJBUQdhcRMiMoEIFEKRobHBCSMzUvAVYnLRChYkNOEl8RcYGRomJygpKjU2Nzg5OkNERUZHSElKU1RVVldYWVpjZGVmZ2hpanN0dXZ3eHl6goOEhYaHiImKkpOUlZaXmJmaoqOkpaanqKmqsrO0tba3uLm6wsPExcbHyMnK0tPU1dbX2Nna4uPk5ebn6Onq8vP09fb3+Pn6/9oADAMBAAIRAxEAPwD3+iiigAooooAKSlooASilooAKKKKAEpaKKAEopaKAEopaKACiiigAooooAKKKKACiiigAooooAKKKKACiiigAooooAKKKKACiiigAooooAKKKKACiiigAooooAKKKKACiiigAooooAKKKKACiiigAooooAKKKKACiiigAooooAKKKKACiiigAooooAKKKKACiiigAooooAKKKKACiiigAooooAKKKKACiiigAooooAKKKKACiiigAooooAKKKKACiiigAooooAKKKKACiiigAooooAKKKKACiiigAooooAKKKKACiiigAooooAKKKKACiiigAooooAKKKKACiiigAooooAKKKKACiiigAooooAKKKKACiiigAooooAKKKKACiiigAooooAKKKKACiiigAooooAKKKKACiiigAooooAKKKKACiiigAooooAKKKKACiiigAooooAKKKKACiiigAooooAKKKKACiiigAooooAKKKKACiiigAooooAKKKKACiiigAooooAKKKKACiiigAooooAKKKKACiiigAooooAKKKKACiiigAooooAKKKKACiiigAooooAKKKKACiiigAooooAKKKKACiiigAooooAKKKKACiiigAooooAKKKKACiiigAooooAKKKKACiiigAooooAKKKKACiiigAooooAKKKKACiiigAooooAKKKKACiiigAooooAKKKKACiiigAooooAKKKKACiiigAooooAKKKKACiiigBKWiigAooooAKKKKACiiigAooooAKKKKACiiigAooooAKKKKACiiigAooooAKKKKACiiigAooooAKKKKACiiigAooooAKKKKACiiigAooooAKKKKACiiigAooooAKKKKACiiigAooooAKKKKACiiigAooooAKKKKACiiigAooooAKKKKACiiigAooooAKKKKACiiigAooooAKKKKACiiigAooooAKKKKACiiigAooooAKKKKACiiigAooooAKKKKACiiigAooooAKKKKACiiigAooooAKKKKACiiigAooooAKKKKACiiigAooooAKKKKACiiigAooooAKKKKACiiigAooooAKKKKACiiigAooooAKKKKACiiigAooooAKKKKACiiigAooooAKKKKACiiigAooooAKKKKACiiigAooooAKSlooAKKKKACiiigAooooAKKKKACiiigAooooAKKKKACikooAWiiigAooooAKKKKACiiigAooooAKKKKACiiigAooooAKKKKACiiigAooooAKKKKACiiigAooooAKKKKACiiigAooooAKKKKACiiigAooooAKKKKACiiigAooooAKKKKACiiigAooooAKKKKACiiigAooooAKKKKACiiigAooooAKKKKACiiigAooooAKKKKACiiigAooooAKKKKACiiigAooooAKKKKACiiigAooooAKKKKACiiigAooooAKKKKACiiigAooooAKKKKACiiigAooooAKKKKACiiigAooooAKKKKACiiigAooooAKKKKACiiigAooooAKKKKACiiigAooooAKKKKACiiigAooooAKKKKACiiigAooooAKKKKACiiigAopKWgAooooAKKKKACiikoAWiikoAWiiigAooooAKKKKACiiigAooooAKKKKACiiigAooooAKKKKACiiigAooooAKKKKACiiigAooooAKKKKACiiigAooooAKKKKACiiigAooooAKKKKACiiigAooooAKKKKACiiigAooooAKKKKACiiigAooooAKKKKACiiigAooooAKKKKACiiigAooooAKKKKACiiigAooooAKKKKACiiigAooooAKKKKACiiigAooooAKKKKACiiigAooooAKKKKACiiigAooooAKKKKACiiigAooooAKKKKACiiigAooooAKKKKACiiigApKWigAooooAKKKKACiiigAooooAKKKKACiiigAooooAKKKKACiiigAooooAKKKKACiiigAooooAKKKKACiiigAooooAKKKKACiiigAooooAKKKKACiiigAooooAKKKKACiiigAooooAKKKKACiiigAooooAKKKKACiiigAooooAKKKKACiiigAooooAKKKKACiiigAooooAKKKKACiiigAooooAKKKKACiiigAooooAKKKKACiiigAooooAKKKKACiiigAooooAKKKKACiiigAooooAKKKKACiiigAooooAKKKKACiiigAooooAKKKKACiiigAooooAKKKKACiiigAooooAKKKKACiiigAooooAKKKKACiiigAooooAKKKKACiiigAooooAKKKKACiiigAooooAKKKKACiiigAooooAKKKKACiiigAooooAKKKSgBaKKKACiiigAooooAKKKKACikooAWiiigAoopKAFoopKAFooooAKKKKACiiigAooooAKKKKACiiigAooooAKKKKACiiigAooooAKKKKACiiigAooooAKKKKACiiigAooooAKKKKACiiigAooooAKKKKACiiigAooooAKKKKACiiigAooooAKKKKACiiigAooooAKKKKACiiigAooooAKKKKACiiigAooooAKKKKACiiigAooooAKKKKACiiigAooooAKKKKACiiigAooooAKKKKACiiigAooooAKKKKACiiigAooooAKKKKACiiigAooooAKKKKACiiigAooooAKKKKACiiigAooooAKSlooAKKKKACiiigAooooAKKKKACiiigAooooAKKKSgBaKKKACiiigAooooAKKKKACiiigAoopKAFoopKAFoopKAFooooAKKKKACiiigAooooAKKKKACiiigAooooAKKKKACiiigAooooAKKKKACiiigAooooAKKKKACiiigAooooAKKKKACiiigAooooAKKKKACiiigAooooAKKKKACiiigAooooAKKKKACiiigAooooAKKKKACiiigAooooAKKKKACiiigAooooAKKKKACiiigAooooAKKKKACiiigAooooAKKKKACiiigAooooAKKKKACiiigAooooAKKKKACiiigAooooAKKKKACiiigAooooAKKKKACiiigAooooAKKKKACiiigAooooASlpKWgAooooAKKKKACiiigAooooAKKKKACiiigAooooAKKKKACiiigAooooAKKKKACiiigAooooAKKKKACiiigAooooAKKKKACiiigAooooAKKKKACiiigAooooAKKKKACiiigAooooAKKKKACiiigAooooAKKKKACiiigAooooAKKKKACiiigAooooAKKKKACiiigAooooAKKKKACiiigAooooAKKKKACiiigAooooAKKKKACiiigAooooAKKKKACiiigAooooAKKKKACiiigAooooAKKKKACiiigAooooAKKKKACiiigAooooAKKKKACiiigAooooAKKKKACiiigAooooAKKKKACiiigAooooAKKKKACiiigAooooAKKKKACiiigAooooAKKKKACiiigAooooAKKKKACiiigAooooAKKKKACiiigAooooAKKKKACiiigAooooAKKKKACiiigAooooAKKKKACiiigAooooAKKKKACiiigAooooAKKKKACiiigAooooAKKKKACiiigAooooAKKKKACiiigAooooAKKSloAKKKKACiiigAooooAKKKKACiiigAooooASloooAKKKKACiiigAooooAKKKKACiikoAWiiigAooooAKKKKACiiigAooooAKKKKACiiigAooooAKKKKACiiigAooooAKKKKACiiigAooooAKKKKACiiigAooooAKKKKACiiigAooooAKKKKACiiigAooooAKKKKACiiigAooooAKKKKACiiigAooooAKKKKACiiigAooooAKKKKACiiigAooooAKKKKACiiigAooooAKKKKACiiigAooooAKKKKACiiigAooooAKKKKACiiigAooooAKKKKACiiigAooooAKKKKACiiigAooooAKKKKACiiigAooooAKKKKACiiigAooooAKKKKACiiigAooooAKKKKACiiigAooooAKKKKACiiigAooooAKKKKACiiigAooooAKKKKACiiigAooooAKKKKACiiigAooooAKKKSgBaKinuIraMvNIqL6saxLrxTBHlbaJpT/AHm4H+Nc9fF0aC/eSsaQpTqfCjforiZ/EWoTZ2yCIeiL/WqEl3czHMlxK31c15dTPaK+CLf4HVHATe7seiF1HVgPxoDqejA/Q15rR+NYf2//ANO/x/4Bp/Z/978D0vNGa86jvLmE/u7iVfo5q/B4i1CEjdIso9HX+orenntF/HFr8TOWAmvhdzt6K5+18U28mFuY2iP94fMP8a24Z4riMPDIrqe6nNepQxVGuv3crnLOlOn8SJaKKK6DMKKKKACiiigAooooAKKKKACiiigAooooAKKKKACiiigAooooAKKKKACiiigAooooAKKKKACiiigAooooAKKKKACiiigAooooAKKKKACiiigAooooAKKKKACiiigAooooAKKKKACiiigAooooAKKKKACiiigAooooAKKKKACiiigBKWiigAooooAKKKKACiiigAooooAKKKKACiiigAooooAKKKKACiiigAooooAKKKKACiiigBKWiigApKWigAooooAKSlooAKKKKACiiigAooooAKKKKACkpaKACiiigAooooAKKKKACiiigAooooAKKKKAEpaKKACiiigAooooAKKKKACiiigAooooAKSlooAKKKjmmSCJpJGCooySaTaSuw3HFgoJJAA7muf1LxKkRMVmA79DIeg+nrWXq2ty37GKIlLcdu7fWsmvm8dnDbcMPt3/AMj08Pgl8VT7iW4uZrqQyTyM7e5qKiivAlJyd27s9FJJWQUUUUgCiiigAooooAKlt7qe1kEkEjI3setRUU4ycXeLsxNJqzOr03xJHNiK8AjfoHH3T9fSt8EEAg5BrzWtfSNcksWEUxL2/wCq/SvoMDnDuoYj7/8AM8/EYL7VP7jtKWo4pUmiWSNgyMMgjvT6+jTTV0eYLRRRTAKKKKAEpaKKAEpaKKACiiigAooooAKKKKACkpaKACiiigBKWiigAooooAKKKKACiiigAooooAKSlooAKSlooAKKKKACiiigAooooAKKKKAEpaKKACkpaKACiiigAooooAKKKKAEpaKKACkpaKACiiigBKWiigAooooAKKKKAEpaKKACkpaKACiiigAooooAKKKKACiiigAooooAKKKKACiiigAooooAKKKKACiiigAooooAKKKKACiiigAooooAKKKKACiiigAooooAKKKKACiiigAooooAKKKKACiiigAooooAKKKKACiiigAooooAKKKKACiiigAooooAKKKKACiiigAooooAKKKSgBHcIpZiAoGST2FcTrOrNqExSMkW6H5R/e9zWh4l1Mk/YYW46ykfyrm6+YzfHuUnQpvRb/5HqYPD2XtJfIKKKK8E9AKKKKACiiigAooooAKKKKACiiigAooooA1dF1dtPmEcpJt3PI/un1FdqrBlDKQQRkEd681rpvDWpk/6DM3TmIn9RXv5Rj3FqhUej2/yPPxmHuvaR+Z01FJS19MeWFFFFABRRRQAUUUUAFFFFABRRRQAlLRRQAUUUUAFFFFACUtFFABRRRQAUUUUAFFFJQAtFFFABRRRQAUUUUAFFFFABRRRQAUlLRQAUUUUAFFFFABSUtFABRRRQAlLRRQAUlLRQAUUUUAFFFFABRRRQAUUUUAFFFFABRRRQAUUUUAFFFFABRRRQAUUUUAFFFFABRRRQAUUUUAFFFFABRRRQAUUUUAFFFFABRRRQAUUUUAFFFFABRRRQAUUUUAFFFFABRRRQAUUUUAFFFFABRRRQAUUUUAFFFFABRRRQAUUUUAFFFFABRRRQAUUUUAFFFFABRRRQAUUUUAFFFFABRRRQAUUUUAFVNRvFsbGSc9QMKPU9qt1yfim7L3Edqp4Qbm+p6f59648fiPq9CU1v09TbD0/aVFEwJHaSRncksxyT6mkoor4Zu+rPeCiiigAooooAKKKKACiiigAooooAKKKKACiiigAp0cjRSrIhw6nIPvTaKE2ndAehWF2t7ZRzr/EPmHoe9Wq5Xwrd7ZZbRjww3r9e9dTX3WBxH1ihGfXr6ng16fs6jiLRRRXWYhRRRQAUUUUAFFFFABRRRQAUUUUAFFFFABRRRQAUUlLQAUUUUAFFFFABRRRQAUUUUAFFFFABRRRQAUUUUAFFFFABRRRQAUUUUAFFFFABRRSUALRRRQAUUUUAFFFFABRRRQAUUUUAFFFFABRRRQAUUUUAFFFFABRRRQAUUUUAFFFFABRRRQAUUUUAFFFFABRRRQAUUUUAFFFFABRRRQAUUUUAFFFFABRRRQAUUUUAFFFFABRRRQAUUUUAFFFFABRRRQAUUUUAFFFFABRRRQAUUUUAFFFFABRRRQAUUUUAFFFFABRRRQAUUUUAFFFFABRRRQAUUUUAFFFFABRRRQAhOBzXnl/Obq+nm/vOcfTtXdahL5OnXEgPKxnH5V57XzmfVPgp/M9LL47yCiiivnT0gooooAKKKKACiiigAooooAKKKKACiiigAooooAKKKKALOnXH2XUYJs4CuM/Q8GvQh0rzSvRLGXzrGCXu0YP6V9HkNTSdP5nmZhHVSLFFFFfRHnBRRRQAUUUUAFFFFABRRRQAUUUUAFFFFABRRRQAUUUUAFFFFABRRRQAUUUUAFFFFABRRRQAUUUUAFFFFABRRRQAUUUUAFFFFABRRRQAUUUUAFFFFABRRRQAUUUUAFFFFABRRRQAUUUUAFFFFABRRRQAUUUUAFFFFABRRRQAUUUUAFFFFABRRRQAUUUUAFFFFABRRRQAUUUUAFFFFABRRRQAUUUUAFFFFABRRRQAUUUUAFFFFABRRRQAUUUUAFFFFABRRRQAUUUUAFFJS0AFFFFABRRRQAUUUUAFFFFABRRRQAUUUUAFFFFABRRRQAUUUUAFFFFABRRRQAUUUlAGbrzbdGuPcAfqK4au38QDOizfVf5iuIr5TPf94Xp+rPWwH8N+oUUUV4p3BRRRQAUUUUAFFFFABRRRQAUUUUAFFFFABRRRQAUUUUAFd3oTFtGtj6KR+prhK7nQBjRbf6H+Zr28if7+Xp+qOHH/wANepp0UUV9UeSFFFFABRRRQAUUUUAFFFFABRRRQAUUUUAFFFFABRRRQAUUUUAFFFFABRRRQAUUUUAFFFFABRRRQAUUUUAFFFFABRRRQAUUUUAFFFFABRRRQAUUUUAFFFFABRRRQAUUUUAFFFFABRRRQAUUUUAFFFFABRRRQAUUUUAFFFFABRRRQAUUUUAFFFFABRRRQAUUUUAFFFFABRRRQAUUUUAFFFFABRRRQAUUUUAJS0UUAFJS0UAFFFFABRRRQAUUUUAFFFFABRRRQAUUUUAFFFFABRRRQAUUUUAFFFFABRRRQAUUUUAFFFFABRRRQAUUUUAFFFFABRRRQAUUUUAFFFFAFDWY/M0i5H+xn8ua4KvSJYxLC8Z6MpBrzmRDHIyN1UkGvmc+h78J+Vj1MvlpKI2iiivAPQCiiigAooooAKKKKACiiigAooooAKKKKACiiigAooooAK7/AEmPy9JtV/6Zg/nzXBxRmWZI16uwUfjXo8aCONUHRQAK+gyGHvTn8jzswlpGI6iiivpTzAooooAKKKKACiiigAooooASloooAKKKKACiiigBKWiigApKWigAooooASloooAKKKKACiiigAooooAKKKKACiiigApKWigAooooAKKKKACkpaKACiiigBKWiigAooooAKKKKACiiigAooooAKKKKACiiigAooooASloooAKKKKACiiigAooooAKKKKACiiigAooooAKKKKACiiigAooooAKKKKACiiigAooooAKKSloAKKSigBaKKKACiiigAooooAKKSloAKKSloAKKKKACikpaACiiigAooooAKKKKACiiigAooooAKKSloAKKKKACiiigAooooAKKKSgBaKKKACiikoAWuH8QWv2bVZGA+WX5x/X9a7isXxHZG5sPOQZeH5vw715ua4f22Hdt1qdOEqclRX2ZxtFFFfGHthRRRQAUUUUAFFFFABRRRQAUUUUAFFFFABRRRQAUUUUAa3h21+0aorkfLEN5+vau1rI8O2X2XTxI4xJN8x9h2/z71sV9pleH9jh1fd6niYupz1HbZBRRRXonMFFJS0AFFFFABRRSUALRRRQAUUlLQAUUUlAC0UlLQAUUlLQAUUUlAC0UUUAFFJRQAtFFFABRRSUALRRRQAUUUUAFFJS0AFFFJQAtFFFABRSUUALRRSUALRRRQAUUUUAFFJS0AFFFFABRRRQAUUUUAFFFFABRRRQAUUUUAFFJS0AFFFJQAtFFFABRRRQAUUUUAFFFFABRRRQAUUUUAFFFFABRRRQAUUUUAFFFFABRRRQAUUUUAFFFFABRRRQAUUUUAFFFFABRRRQAUUUUAFFFFABRRRQAUUUUAFFFFABRRRQAUUUUAFFFFABRRRQAUUUUAFFFFABRRRQAUUUUAFFFFABRRRQAU0qGBBGQeop1FAHBavp50++ZAP3TfNGfb0/CqFd9qenpqNoYmwHHKN6GuEmhkt5milUq6nBBr43M8E8PU5or3Xt/ke1ha/tI2e6GUUUV5h1BRRRQAUUUUAFFFFABRRRQAUUUUAFFFFABWho2nnUL5VYfuU+Zz7en41TggkuZ0hiXc7HAFd3punpp9msKct1dvU16mV4J4ipzS+Ff1Y5cVX9nGy3ZcAAGB0FLRRX2J4oUUUUAFFFFABRRRQAUUUUAFFFFABRRRQAUUUUAFFFFABRRRQAUUUUAFFFFABRRRQAUUUUAFFFFABRRRQAUUUUAFFFFABRRRQAUUUUAFFFFABRRRQAUUUUAFFFFABRRRQAUUUUAFFFFABRRRQAUUUUAFFFFABRRRQAUUUUAFFFFABRRRQAUUUUAFFFFABRRRQAUUUUAFFFFABRRRQAUUUUAFFFFABRRRQAUUUUAJS0UUAFJS0UAFJS0UAFJS0UAFFFFABRRRQAlFLRQAUUUUAFFFFACUtFFABSUtFABRRRQAlLRRQAUUUUAFFFFABRRRQAUlLRQAUUUUAFJS0UAJS0UUAFFFFABSUtFACVlaxpCajFvTC3Cj5W9fY1rUlZVqMK0HCaumVCcoS5onm8sUkErRyoVdTgg0yu81LSYNSj+cbZQPlkHUfWuOvtOudPk2zJ8vZx0NfIY7LqmGd1rHv/AJns0MTGqrbMqUUUV5x0hRRRQAUUUUAFFFFABRRRQAU+GGS4lWKJCzscACrFhptzqEm2FMID8znoK7LTdKg06PCDdIR8znqa9LA5bUxL5npHv/kc1fExpKy1ZFo+kJp0W5sNOw+ZvT2FadFLX19GlCjBQgrJHjTm5vmkFFFFaEhRRRQAUUUUAJS0UUAFJS0UAJS0UUAJS0UUAFJS0UAFFFFACUtFFABRRRQAUUUUAFFFFABRRRQAUUUUAFJS0UAFFFFACUUtFABSUtFABRRRQAlLRRQAUlLRQAUUUUAJS0UUAFFFFABRRRQAUUUUAFFFFACUtFFABRRRQAUUUUAFFFFABRRRQAUUUUAFFFFABRRRQAUUUUAFFFFABRRRQAUUUUAFFFFABRRRQAUUUUAFFFFACUtFFABSUtFABRRRQAUUUUAFFFFABRRRQAUUUUAFFFFABRRRQAUUUUAFFFFABRRRQAUUUUAFFFFABRRRQAUUUUAFFFFABRRRQAUUUUAFFFFABRRSZoAWkpk08cEZkldUQdSTXN6h4nJzHYrgf89WH8hXLicZRw6vUfy6mtKjOo7RR0NzeW9pHvnlVB7nk/hWOPFFqboJ5biLoZD/AIelcrLNJPIZJXZ2PUsc0yvn6+d1pS/dKyPRhgYJe87s9JilSaMSRsGRuQQeDSSRJMhSRVZT1BGa4Ow1O5098wv8h6o3INdTYa/aXgCu3kyn+Fzwfoa9XCZpRxC5Z6PszjrYWdPVaop33heNyXs32H+43I/OsC6067syfOgZR/eAyPzr0GgjI5HFTiMnoVdYe6/w+4qnjakNHqeaUV30+kWFxzJbJn1X5T+lUJPC1k3KSSofqCP5V5VTI8RH4WmdccfTe6schRXUHwlH2u2H1T/69A8JR/xXbH6J/wDXrD+yMX/L+KL+uUe5y9FdfH4Wsl+/JM/tkAfyrQg0mxtjmO2jyO7Dcf1renkeIl8TSIlj6a2VzirXTby8I8mBiP7xGB+ddBY+F44yHu38w/3F4H5966HGKM4r1cPk9ClrP3n57fccdTG1J6LQbHGkSBI1CqOgUYApJZo4IzJK4RF6kmsy/wDEFpaZWM+dL6KeB9TXK32pXOoSbpn+UdEHAFVi80o4dcsNX2WwUcJOo7vRHRf8JTa/aShifyu0g/wrYtruC7j3wSq49j0rzqnwzS28gkhkZGHdTivKoZ3VjL96ro66mAg17jsz0iiuZ0/xP0jvl/7aqP5j/CujimjnjEkTq6HoQc19DhsXRxCvTfy6nnVKM6btJElFFFdJkFFFFABSUtFABRRRQAUUUUAFFFFABRRRQAUUUUAFFFFABRRRQAUUUUAFFFFABRRRQAUUUUAFFFFACUtFFABRRRQAUUUUAFFFFABRRRQAUUUUAFFFFABRRRQAUUUUAFFFFABRRRQAUUUUAFJS0UAFFFFABRRRQAUUUUAFFFFABRRRQAUUUUAFFFFABRRRQAUUUUAFFFFABRRRQAUUUUAFFFFABRRRQAUUUUAFFFFABRRRQAUUUUAFFFFABRRRQAUUUUAFFFFABRRRQAUUUUAFFFFABRRRQAUUUUAFFFFABRRRQAUUUUAFFFFABRRRQAUUUUAFFFFABRRSEgCgAzWZqetQacCg/eT9kB6fWs7V/EOzdb2TZbo0o7fT/GuYYlmLMSWPJJrwsfm6p3p0NX3O/D4Ny96exZvb+4v5d87kjso6D6CqtLRXzM5ynLmk7s9SMVFWQUUUVIwooooAvWer3tlgRTEoP4H5FbVt4qjOBcwMp/vIcj8q5eiuyhmGIoaRlp2ephUw1Oe6O9h1rT58bblAfR/l/nVxJo5BlJFb6HNebUAkdCR9K9OGfTXxwTOaWXx+zI9LzRmvOBcTr0mkH0Y0G4mPWaQ/VjWv9vx/k/Ej+z3/ADHorzRRjLyKv1OKpTa1p0Gd1yjH0T5v5VwZJPU5+tFZTz6o/ggkXHL4/akdRc+K0GRbQFj/AHpDgflWJd6te3uRLMQn9xeBVKivMr5hiK+kpadlodNPDU4bIKKKK4zcKKKKACrVlqFzYSb4XwO6noaq0VUJyhLmg7MUoqSszudM1m31BQmfLm7oT1+nrWlmvNVZkYMpIYHII7V1GkeIRIVt71gH6LJ2P1r6bAZuqlqdbR9+55eIwbj70Njo6KQGlr3TgCiiigAooooAKKKKACiiigAooooAKKKKACiiigAooooAKKKKACiiigAooooAKKKKACiiigAooooAKKKKACiiigAooooAKKKKACiiigAooooAKKKKACiiigAooooAKKKKACiiigAooooAKKKKACiiigAooooAKKKKACiiigAooooAKKKKACiiigAooooAKKKKACiiigAooooAKKKKACiiigAooooASloooAKKKKACiiigAooooAKKKKACiiigAooooAKKKKACiiigAooooAKKKKACiiigBKWiigAooooAKKKKACiiigAooooAKKKKACiikJAHNACMwUEkgAdSa5PWtda4LW1qxEXRnHVv/rUmu60blmtbZv3I4Zh/H/8AWrCr5nM80cr0aL06s9TC4W3vzEpaKK8A9AKKKKACiiigAooooAKKKKACiiigAooooAKKKKACiiigAooooAKKKKACiiigAooooA6DRddMBW2u2zF0Vz/D7H2rqwQQCDkHvXmlb+ha2YGW0uW/dHhHP8Pt9K+gyzNOW1Gs9OjPOxWFv78DraKQGlr6U8wKKKKACiiigAooooAKKKKACiiigAooooAKKKKACiiigAopKWgAooooAKKKKACiiigAooooAKKKKACiiigAooooAKKKKACiiigAooooAKKKKACiiigAooooAKKKKACiiigAooooAKKKKACiiigAooooAKKKKACiiigAooooAKKKKACiiigAooooAKKKKACiiigAooooAKKKKACiiigAooooAKKKKACiiigAooooAKKKKACiiigAooooAKKKKACiiigAooooAKKKKACiiigAooooAKKKKACiiigAooooAKKKKACiiigAoopKADNcz4h1jG6yt29pGH8q0Nc1UWFv5cR/fyD5f9ketcUSSSSck9zXgZvmHIvYU3r1/wAj0MHh+b95LboFFFFfMnqBRRRQAUUUUAFFFFABRRRQAUUUUAFFFFABRRRQAUUUUAFFFFABRRRQAUUUUAFFFFABRRRQAUUUUAdP4e1jeFsrhvmH+rY9/aukFeaglWDAkEcgiu10TVBqFtskP7+MYb/aHrX0+UZh7RewqPVbHlYzD8r9pHY1qKKK944AooooAKKSloAKKKKACiiigAooooAKKKKACiiigAooooAKKKKACiiigAooooAKKKKACiiigAoopKAFooooAKKKKACiiigAooooAKKKKACikpaACiiigAooooAKKKKACiiigAooooAKKKKAEpaKKACiiigAooooAKKKKACiiigAooooAKKKKACiiigAooooAKKKKACiiigAooooAKKKKACiiigAooooAKKKKACiiigAooooAKKKKACiiigAooooAKKKKACiiigAooooAKKKKACiiigAooooAKKKKACiiigAooooAKgu7qOztXnkPyqPz9qmrj/Eeo/abr7NGf3UR592/wDrVx47FLDUXPr09TahSdWfKZV3dSXly88pyzHp6D0qGiivh5Scm5S3Z7qSSsgooopDCiiigAooooAKKKKACiiigAooooAKKKKACiiigAooooAKKKKACiiigAooooAKKKKACiiigAooooAKns7uSyuknjPKnkeo9KgoqoScJKUd0JpNWZ6NbXMd3bJPGcq4zUtcj4b1HyLj7JIf3cp+XPZv/r11wr7fA4pYmip9evqeFXpOlPlFooorsMRKWiigAooooAKKKKACiiigAooooAKKKKAEpaKKACiiigAooooAKKKKACiiigAooooAKSlooAKKKKACiiigAooooAKKKKACikpaACikooAWiiigAooooAKKKKACiiigAopKWgAoopKAFopKWgAooooAKKKKACiiigAooooAKKKKACiiigAooooAKKKKACiiigAooooAKKKKACiiigAooooAKKKKACiiigAooooAKKKKACiiigAooooAKKKKACiiigAooooAKKKKACiiigAooooAKKKKACiiigAooooAKKKSgDP1i/8AsFgzqf3j/Kn19a4Qkk5J5Nauv332zUGRTmOL5R7nuayq+NzXFe3rtLaOh7WEpezp3e7CiiivMOoKKKKACiiigAooooAKKKKACiiigAop0cbyyBI1LOegAyTXQWPhd3Ae8faP+eadfxNdGHwlbEO1Nf5GVStCmryZzoBJwOT7Vch0m/n5S1kwe7Db/Ou2ttPtbRcQQIp9cZP51Zr26OQq16s/uOGeYP7COKXw3qJHKIv1cUN4b1JeiI30eu1pa6v7Ew1uv3mX16r5Hn82lX8AzJayY9VG7+VUyMHB4Nel4qtc6da3ikTQIx/vYwfzrlrZCrXpS+81hmD+2jz2iuhv/DDoC9m+8f8APNuv4GsB43icpIpVh1BGCK8TEYSrh3aorHfTrQqK8WNooornNAooooAKKKKACiiigAoopyxu/wB1GP0FCTewXG0VYWxu3+7bTH/gBp40q/PS0m/75rRUar2i/uJdSC6lQEqQQcEHINd7pF+L+wSQn94Plce9cd/ZGof8+kv5Vq6DFfWN9sltpVhlGGJU4B7GvVyqVbD1rSi+WWmxyYtQqQumro6uikpa+sPICiiigAooooAKKKKACikpaACiikoAWiiigAooooAKKKKACiiigAooooAKKKKACiiigAooooAKKKKACiiigAoopKAFooooAKKKKACiiigAooooAKKKKACiiigAooooAKKKKACiiigAooooAKKKKACiiigAooooAKKKKACiiigAooooAKKKKACiiigAooooAKKKKACiiigAooooAKKKKACiiigAooooAKKKKACiiigAooooAKKKKACiiigAooooAKKKKACiiigAooooAKKKKACiiigAoqpcalZ2uRLcICP4Qcn8hWXP4ot0yIYXkPq3yiuepiqNP4pILm9S1yEvia9f/VrHGPpk1Sk1a/l+9dSf8BO3+VcU83oL4U2K53dUdWvPsWnSyg4cjav1NQaBE66cJpWZnlO7LHJx2rI8U3fmXUdqp4jG5vqf/rfzrTFYtwwjq2s2tPmb4en7SokYBOTk0UUV8We8FFFFABRRRQAUUUUAFFFFABRRRQAVb0/Tp9Rn8uIYUfec9Fo03T5dRuREnCDl37KK7m0tIrOBYYVwo/Mn1Nerl2WvEvnnpH8zkxOJVJcsdyHT9Lt9PjxEuXP3nPU1eoor62nTjTiowVkePKTk7sKKKKsQUUUUAFFFFACVR1DSrfUY8SLtkA+WQdRV+ioqU4VIuM1dFRk4u6PPb/T59PnMcy8H7rDo1Va9EvLOG9t2hmXKnoe4PqK4i90u4s7z7PsZyeUKjO4V8lmGWyw8uaGsX+B6+GxSqK0tylRWzaeGryfDTFYF9+T+Vbdr4dsbfBdDMw7uePyqKGU4mrray8x1MZSh1ucdFDLO22KN3PoozWnB4c1CbBZFiHq7f4V17Nb2cJZjFBEvUkhQK53UPiD4b07Km/Fw4/ht1L/r0/WvVp5HRjrVlf8AAxWJr1najC/4kkPhNBgz3LH2RcVfi8PadF1iLn1djXCX3xfQZWw0pm9Hnkx+gz/OudvPif4kuciKWC2H/TKIE/8Aj2a7YYTB09oL8/zOiOXZhV+LT5/5HtUdhaRf6u2iX6IKlLRRDlkQe5Ar51ufFOvXhPnaveHPZZSo/IYrMluJpjmWWSQ/7bE1uqkI/DE3jkFR/HU/U+k5NY0yH/WahaIf9qZR/Wqz+KNBT72sWI/7br/jXzjRT9u+xsuHodZv7j6L/wCEt8Pf9Bqx/wC/6/41IniXQpD8ur2R/wC26/4184UlHt32H/q9T/nf3H03FqdhP/qb22k/3ZVP9asqysMqwI9jXy5U8N9d2xBgup4iP7khX+VNV/Iylw9/LU/D/gn07mivni18aeI7PHlavcEDtIQ4/wDHs1v2XxX1yAgXMNrcr7qUb8xx+lUq0TlqZDiY/C0z2ilrzuw+LelzELfWVxbMerIRIo/kf0rrdM8T6Lq+BZalBI56Rltr/wDfJwa0U4vZnnVsFiKPxwaNeikzS1RyhRRRQAUUUUAFJS0UAFFFFABRRRQAUUUUAFFFFABRRRQAUUUUAFFFFABRRRQAUUUUAFFFFABRRRQAlLRRQAlFLRQAUUUUAJS0UUAFFFFABRRRQAlFLRQAUlLRQAlLRRQAUUUUAFFFFABRRRQAUUUUAFFFFABRRRQAUUUUAFFFFABRRRQAUUUUAFFFFABRRRQAUUVBc3cFpH5k8gVe2ep+lKUlFXewE1MmnigTdLIiL6scVzN94llkJS0Xy1/vty3/ANasSWWSdy8sjOx7sc15NfNqcNKav+QrnWz+I7GIkIXlP+yvH61Rk8VOT+7tQPdmzXO0V5s80xEtnYVzaPie9PSOAf8AAT/jQPE96OscB/4Cf8axaKx+vYn+diuzoY/FUg/1lqp/3WxV6DxLZSECQPEf9oZH6VyFFawzTEx3d/ULnocFzBcLuhlRx/snNS15ykjxOHjdkYdCpwa2bLxJcQkLcjzk/vdGH+NelQzeEtKisNSOtoqtaX1vex74JA3qO4+oqzXrRkpK8XdFBRRRVAFFFFABRRRQAUUUUAFFFQ3F1DaR+ZNIqL796UpKKuwJqhuLqC1TfNKqD3Nc5feJpHylmuxf77dfyrDllkmcvK7Ox7sc15OIzanDSkrv8BNnR3fieNcraxFz/efgflWLc6re3eRJOwX+6vA/SqdFePWxter8UtCbhRRRXIIKfDE088cS/edgo/GmVreHbfztUDkcRKW/HoK2oU/a1Yw7sZ1qhLe3CjhI1x9ABXn13Obq7lnbq7E12Wv3P2fSZcHDSfIPx6/pmuGruzyr70aK6anr4CGjmLRRRXgHoBRRRQAUUUUAFFFFABRRRQAVJbwSXM6QxDLucAVHXWeG9O8mD7ZIv7yQfJnsv/1668FhXiayh06+hjXqqlDmNTTrCPT7VYUHPVm/vGrdZes6r/Z0arHtaZ+QD0AqGy8R28+EuB5L+vVT/hX10cTh6UvYJ2seFKXM7vc26KarKyhlYEHoRTq7BBRRRQAUUUUAFFFFABRRmo5Zo4ImllkWONRlmY4AH1oAfSMVUFmIAHUntXBa/wDFLTbDdDpafbZxxvziMH69T+H515nrXi3WdeYi8vH8k9IY/lQfgOv41lKrFHrYXJ8RX1l7q8/8j1/WPiFoGkFoxc/a5x/yzt/m5926VwerfFXWLwsmnxRWUZ6NjzH/ADPH6VwVFYyqyZ7+HybDUtZLmfn/AJFq+1O+1OXzL28nuG7GRy2Pp6VVoorI9SMYxVoqwUUUUFBRRRQAUUUUAFFFFABRRRQAUUUUAJS0UUAb2leM9e0cqLbUJHiH/LKb51+nPT8MV3ujfFq1mKx6vZtA3QzQ/Mv4r1H615JRVxqSicGIy3DV/ijZ91ofTGnarYarAJ7G7iuI/VGzj6jqKuV8xWd9dafcLPZ3EkEq9HjYg16J4f8AitPEVg1uHzk6faIhhh9V6H8MVvGsnueBisjq0/eovmX4nrVFUtN1Wx1e1FzYXMc8R7qeR7EdQau1seHKLi7NWYUUUUCCiiigAooooAKKKKACikzWVrXiLTNAtvOv7lUJHyxjl3+gobsVCEpy5Yq7NWql/qun6XF5l9eQ269vMcDP0HevI9e+KOp35aLS0FjB039ZCPr0H4fnXDT3E91M01xLJLI3Jd2LE/iawlWS2Pdw2Q1Z61ny+XU9nv8A4qaDakrbLcXbDuibV/Nuf0rn7n4wXLE/ZdJhQdjLKW/kBXmlFZurJnrU8lwkN1f1Z3jfFrXyfltrBR/1zb/4qlT4t66p+e1sGH/XNx/7NXBUVPtJdzf+zMJ/z7R6da/GGUEC70hGHcxTEfoQf510Wn/E/wAPXhCzPNZuf+eyZH5rn9a8PoqlWkjnqZLhJ7Jr0f8AmfTlnf2moQiazuYp4z/FG4YfpVmvmGzvrvT5xNZ3MsEo/ijYqa9A0D4rXduUh1qEXEXTz4wA4+o6H9K1jWT3PIxORVqa5qT5l+J69RVHS9XsNZtBc2Fyk0Z67TyvsR1Bq7mtjw5RcXaSsxaKKKBBRRRQAlLRRQAUUUUAFFFFABRRRQAUUUUAFFFFABRRRQAUUUUAFFFFABRRRQAUUUUAFFFFABRRRQAUUUUAFFFFABRRRQAUUUUAFFFFABRRRQAUUVi63rAs1NvAQZ2HJ/uD/Gsq1aFGDnPYCTVdaisAY48ST+nZfrXJXFzNdymWZy7H17VEzFmLMSSeST3or5bFYypiJa6LsQ3cKKKK4xBRRRQAUUUUAFFFFABRRRQA+GeS3lEkTlHHQg11ela6l5iGfCT9j2b/AOvXI0DIOQea68Li6mHleO3Yadj0elrA0TWvPxa3LfveiOf4vb61vV9TQrwrw54Fi0UUVsAUUlLQAUhIA61FcXEVrC0szhUHc1yWp63NfExxZjg9O7fWuTFYynh172r7Cbsa2peIYoMxWuJJOhf+Ef41zE9xNdSGSaRnY9zUdFfNYjF1cQ/eenYlu4UUUlcohaKKKACiiigArqfC8O21mmI5dto+g/8A11y1dxo0Pk6TbrjkruP4816mU0+avzdkUjH8Vz5e3twegLkfoP61zdaWvzedrE3omEH4D/HNZteZmFX2mJnLzt9x7+Gjy0ooKKKK4zcKKKKACiiigAooooAKKKKALemWZvr+OH+HOXP+yOtd47x20DMcLGi5+gFYfha08u1kumHzSHav0H/1/wCVO8TXnl2yWqn5pDlvoP8AP6V9RgILCYN1pbvX/I8bG1eapbojnb26e9u5J3/iPA9B2FQUUV4kpOUnJ7s4S3ZandWDfupDs7o3INdRp+uW17hHPlTf3WPB+hrjKK68Nj6tDRO67Amej0tchpuvzWuI7jMsXTP8S/411Nvcw3UQlhcOh7ivosNjKeIXu79ik7k1FJS11jCkzVLVNWstGs2u764SGJe5PLH0A7mvH/FPxGv9ZL2un77OyPBwcSSD3PYewqJzUdztweArYp+4tO/Q73xL8Q9L0Lfb25F5ejjy0Pyof9pv6CvJNd8U6t4hlLXtyfKzlYE+VF/Dv9TWL1pa5p1HI+tweWUMMrpXl3YUUUVmeiFFFFABRRRQAUUUUAFFFFABRRRQAUUUUAFFFFABRRRQAUUUUAFFFFABRRRQBc03Vb7R7oXNhcvBKO6ng+xHcV6z4W+JlpqZS01YLaXZ4Ev/ACzc/wDsprxqirhNx2OHF5fRxS99a9+p9SAgjIOQaWvDfCXxBvdBZLW9L3Wn9NpOXjH+yfT2r2fTtStNVso7uynWaBxwyn9D6H2rqhNS2Pj8bgKuElaeq6Mt0UlLVnEFFFFABSUV5t8QPHZsjJo+ky/6R92edT/q/wDZHv6nt/KZSUVdnRhsNUxNRU6Zd8ZfEODRi9hpmye+HDv1SL/E+1ePXt9dajdPc3k7zTOcs7nJqAkkkkkk8kmiuSc3J6n2uCwFLCxtFa9WFFFFQdwUUUUAFFFFABRRRQAUUUUAXdK1e+0W8W6sLhoZB1x0YehHcV7T4Q8dWniNFtp9tvqAHMZPD+6/4V4TTopZIJUlidkkQ7lZTgg+oq4VHE8/HZdSxcddJdGfUdFcN4D8brr0IsL9lXUY14PQTAdx7+o/Gu4rsjJSV0fFV6E6FR06i1QtFJS0zEKKKSgBaKKKACiiigAooooAKKKKACiiigAooooAKKSloAKKKKACiiigAooooAKKKKACiiigAooooAKKKKACiiigAooooAKKKKACiimswRSzEAAZJND0Ao6vqK6falhgyvwg9/WuId2kdndizMcknvVvU75r+9eX+AcIPQVTr5TH4p16mnwrYhsKKKK4BBRRRQAUUUUAFFFFABRRRQAUUUUAFFFFAACVIIJBHIIrtNE1P7fbbZD+/j4b3HrXF1Ysbt7K7SdOx5HqO4rtwOKeHqX6Pcadj0CimRSrNEkiHKsMg0+vrE7q6LCqt9fw2EBklPPRVHVjSX9/FYW5lkOT0VR1Y1xN5eTX1wZpmyT0HZR6CvPx2OWHXLHWX5CbsPv9Qn1CbfKcKPuoOi1Voor5mc5Tk5Sd2SFFFFQIKKKKACiiigAooooAFG5go6k4r0SJBFAiDoqgflXB2CeZqFumOsi/zruLyTyrGeT+7Gx/SvdyhcsJ1C4K7sef3MnnXUsv99y35mo6KK+Yk+Zts+kSsrBRRRSGFFFFABRRRQAUUUUAFKql2CgZJOAKSr+iQefq9upHCtvP4c1pRpupUjBdWTOXLFy7HbWkAtrSKAdEUCuM1i5+1anM4OVU7F+grsr2b7PZTTd0QkfXtXn/AFPNfSZvNRhCjE+ck2wooorwiAooooAKsWd7PYzeZA5HqD0b61XoqoylB80XZgdxpurQ6imB8kwHzRk/y9ayPFfjSx8MwlDie+YZSBT092PYfzrz7W/FH9lv5Ni+bwfxjpH/APXrhp7ia6neeeRpJZDuZ3OSTX02FxVWdK81qfQZblEq1qtbSPbv/wAAu61ruoa/em6v5y7fwoOFQegHas6iiqbvufWQhGEVGKskFFFFBYUUUUAFFFFABRRRQAUUUUAFFFFABRRRQAUUUUAFFFFABRRRQAUUUUAFFFFABRRRQAUUUUAFbXhvxPf+Gr4TWr7oWP72Bj8rj+h96xaKabWqIqU4VYuE1dM+kNA1+x8Raet3ZSZ7SRt96NvQitWvm3QtdvfD2opeWb4I4eM/dkX0Ne+eH/EFn4i0xLy0bB6SRk/NG3oa66dTm9T4zMstlhZc0dYP8PU1qSlqvf3kOn2E95cNthhQux9hWh5aTbsjlfH/AIt/4R7TBbWrj+0LkER/9M17t/h/9avDWZnYsxJYnJJ5JNX9c1ifXdYuNQuD80rfKueEXsB9BWfXFUnzM+6y7BLC0bP4nuFFFFQegFFFFABRRRQAUUUUAFFFFABRRRQAUUUUASW1zNZ3MdzbyNHNGwZHU8givf8Awf4mi8TaMs/yrdRYS4jHZvUex/z0r58re8IeIH8Oa9Dclj9mk/dzr6oe/wBR1rSnPlZ5eaYFYmlePxLb/I+hqWmRyLLGsiMGRgCCOhFPrsPiAooooAKKKKACiiigAooooAKKKKACiiigAooooAKKKKACiiigAooooAKKKKACiiigAooooAKKKKACiiigAooooAKKKKACiiigArF8R3nkWIgU4eY4P+73rZri9fuftGqSAH5Y/kH9f1rz8yreyoO270EzMpKWivlSBKWiigBKKWigAooooAKKKKACiiigAopKWgAooooAKKSloA6jwzeeZbvaseY/mX6H/wCv/Ot+uF0i5+y6nC+cKTtb6Gu6r6jK63tKHK91oWjitdedtVlWZshfuDsFrNroPFMGJYLgD7wKH8Olc/XhY2DhiJJksKKKK5BBRRRQAUUUUAFFFFABRRRQBoaGu/WLf2JP6Gun1t9mjXJ9Vx+ZxXO+HVzq6H0VjW74jbGiyj1ZR+or3cH7uBqS9fyN6CvOK8ziaKKK+XPoQooooAKKKKACiiigAooooAK3vCsW69mk/uJgfif/AK1YNdR4TTEFy/qwH5f/AK69DKoc2Lj/AF0ObFu1Fl3xHL5eksv/AD0cL/X+lcdXT+Knxb26erk/kP8A69cxXbmsr4i3ZI8J7hRRRXmkhRRRQAVzHiLxGLUNZ2bZn6PIP4PYe9SeJNf+wobS1b/SWHzMP4B/jXCkkkknJPUmvTweE5v3k9uh9HlGVe0tXrLTou/mBJYkkkk9SaKKK9c+rCiiigYUUUUAFFFFABRRRQAUUUUAFFFFABRRRQAUUUUAFFFFABRRRQAUUUUAFFFFABRRRQAUUUUAFFFFABRRRQAV1vw5nv4/F1tDZSFY5c+ep5UoBnn+n1rkq9P+EOnBpdQ1Jl+6FgQ/Xlv/AGWrpq8kcGZ1I08LNvtb7z1WvNfizrZhs7fRomw0x82bH90Hgfiefwr0qvnfxhqh1fxVf3IbMYkMcf8AurwP5Z/GuirK0T5rJcP7XE8z2jr/AJGFS0UVyH2gUUUUAFFFFABRRRQAUUUUAFFFFABRRRQAUUUUAFFFFAHt3wy1w6n4c+xytmeyIj56lD93+o/Cu3rwr4a6odP8WxQs2IrtTC316r+ox+Ne612UpXifD5th/Y4l22eolLRRWh5gUUUUAFFFFABRRRQAUUUUAFFFFABRRRQAlLRRQAUlLRQAUUUUAFFFFABRRRQAUUUUAFFFFABRRRQAUUUUAFFFFABRRRQA2RgkbOeigmvO5HMsruerEk13WqP5el3LD/nmRXB14Gcz96MSZBRRRXiEhRRRQAUUUUAFFFFABRRRQAUUUUAFFFFABRRRQAUUUUAAJByOor0K1l8+0il/voD+lee12+hvv0iA+gI/I17OTTtUlHyKiQ+I4vM0lm7xsG/p/WuOru9WXfpVyPSMn8ua4SoziNqyfdBIKKKK8kkKKKKACiiigAooooAKKKKANjw0P+Jqf+uZ/pWv4mONIPvItZHho/8AE1P/AFzP9K1/Ew/4lB/66LXuUP8AkXT+Z0Yb+JH1OMooor5g+gCiiigAooooAKKKKACiiigArrvCoxp0p9ZT/IVyNdd4VP8AxLpB/wBNT/IV6uTf70vRnJjf4RX8Vn57Uezf0rna6LxWPntT7N/SudrTMv8AeZfL8jw3uFFFFcIgrI1/WV0m0wmDcyDEa+nuavX15FYWclzMcKg6dyewFeZ397NqF49zMfmY8Dso7AV24PDe1lzS2R7OUZf9Zqc8/hX4+RDJI8sjSSMWdjksepNNoor3T7VK2iCiiigYUUUUAFFFFABRRRQAUUUUAFFFFABRRRQAUUUUAFFFFABRRRQAUUUUAFFFFABRRRQAUUUUAFFFFABRRRQAUUUUAFe6/DO0Fr4Lt3xhp5HkP54H6AV4VX0X4ShEHhLSowMf6KjH6kZP862oLU8HP52oRj3Za128/s/Qb+8zgxQOw+uOP1r5qJJOSck9a96+I05g8EX2P49ifmwrwSnXeqRPD8LUZz7v8v8AhxaKKKwPoAooooAKKKKACiiigAooooAKKKKACiiigAooooAKKKKAJ7G5ayv7e6Q4aGRZB+BzX01DIs0KSr911DD6Gvl6vo7wvObnwtpcp5LWyZ/AAV0UHuj5viGnpCfqjXoooroPmAooooAKKKKACiiigAopKWgAooooAKKKKACiiigAooooAKKKKACiiigAooooAKKKKACiiigAooooAKKKKACiiigAooooAz9b/wCQPc/7o/mK4eu61dd+k3I/2Cfyrha+dzlfvYvyJkFFFFeOSFFFFABRRRQAUUUUAFFFFABRRRQAUUUUAFFFFABRRRQAV2fh3/kDx/7zfzrjK7XQF26PD75P6mvVyhfv36FRLWoc6dc/9cm/lXAV3mqNt0u6P/TNh+lcHWmcv95FeQSCiiivGJCiiigAooooAKKKKACiinwwS3EgjhjZ2PZRTSbdkBp+HGxq6j1RhW34jGdGkPoyn9aq6Poc1pcpczuqsoOEHPUY5NX9dTfo1yPRQfyIr6ChRnDAzjNW0f5HRQ0qR9ThaKKK+TPoAooooAKKKKACiiigAooooAK6rwm+ba4T0cH8x/8AWrla6DwpJi6uIv7yBvyP/wBevRymXLi4+d/yObGK9FlrxUuYbZ/RmH54/wAK5muw8SReZpRb/nm4b+n9a4+uzNY2xDfdI8J7hSUtY3iXUTp+lMEbEs3yL7eprgpwc5KK6mlCjKtUjTjuzmPE+r/2he/Z4mzbwnAx/E3c1hUUV9JTpqnFRifoWHoQoUlThsgoooqzcKKKKACiiigAooooAKKKKACiiigAoooAJOAMk9hQAUV1Oi/D/XtZCyfZ/ssB/wCWlx8uR7Dqa73SvhTo9oFe/mlvZO652J+Q5/WtI05M87EZrhqGjld9lqeNKjSMFRSzHoAMmtmz8I+IL8AwaVclT/E6bB+ZxXvtjo+m6YgWysYIAO6RgH8+tWJbiGAZllRB/tMBV+yileTPJqcQTbtSh954rb/C3xHMAZFtoP8Aflyf0BrQj+EOpkfvNStF/wB1Wb/CvTpNd02Prcqf90E/yqu3ifTwePNb6LWUq+EjvNfec7zXHz2Vvkeff8KfvO2rQf8Afo/41BL8ItVUExahZv8AUMv9DXov/CU2P/POb/vkf409fE2nseTKv1WpWKwb+2vvF/aOYr/hkeSXPwy8S24JS3hnA/55Sj+uKwL7QNX03P2zTrmED+Jozt/PpX0HFrenS8LdIP8Aeyv86uq8cyZRldT6HIraKpVPglc0hnmJh/Egn+B8vUV9D6p4O0HVwTc6fEsh/wCWkQ2N+Y6/jXA638JrmENLo90J1HPkzfK/4Hof0pSoyWx6eHzvD1dJ+6/Pb7zzairF7YXenXLW95byQTL1SRcGq9ZHsKSkrrYKKKKBhRRRQAUUUUAFFFFABX0poOB4e00Dp9mj/wDQRXzXX0d4XlE3hbSpPW0j/wDQRW9DdnzvEK/dwfmzC+KRP/CFye88f868Or3f4lxGXwRdkD7jxt/48P8AGvCKVb4jfIX/ALM/V/oFFFFYnthRRRQAUUUUAFFFFABRRRQAUUUUAFFFFABRRRQAUUUUAFfQvgck+C9Kz/zx/qa+eq+i/CMRg8I6VGRz9mQn8Rmt6G7Pn+IH+5gvP9DaooorpPlAooooAKKKKACiiigAooooAKKKKACiiigAooooAKKKKACiiigAooooAKKKKACiiigAooooAKKKKACiiigAooooAKKKKAI54/Nt5I/7ykfnXnbAqxB6g4r0euG1i3+zapMuPlY7x9DXiZzTvGM+2hMijRRRXgEhRRRQAUUUUAFFFFABRRRQAUUUUAFFFFABRRRQAUUUUAFd/YReRYQRnqqDP1xXE6fb/ar+GLGQzDP07133avdyan8U/kVEzPEEnl6RKO7kKPzri66XxTP8kEAPUlz/ACH9a5quTNZ82It2QMKKKK80kKKKKACiiigAopK6PRdDDBbq7XIPKRn+ZrfD4edefLAaVyrpmhS3m2WfMUB6erfSuptrSC0jEcEYRfbqfrUw4pa+ow2Dp4de6te5SQlV9Qj83TrlO7RsP0qzSMAVIPQ10zjzRce5Sdnc80op80ZimkjPVGK/kaZX561Z2Po07q4UUUUgCiiigAooooAKKKKACtLQJvJ1iHJ4fKH8en64rNp0UhilSRT8ysGH4VrQqeyqxn2ZNSPNFx7noGoQ/aNPniHJZDj69q4GvQ4JVngSVfuuoYfjXD6pbfZdSmixhd25foea+jzindRqo+ckipXB+MLozassAPywoB+J5P8ASu8rzLXXMmuXjH/noR+XFcOXRvVb7I9rIKaliXJ9EZ9FFFe2fZBRRRQAUUUUAFFFFABRRRQAUUUUAFFS2trPe3MdvbRPLNIcKiDJJr1zwn8NLewEd5rKrcXXVYOscf1/vH9KuEHLY48ZjqWFjeb16LqcP4b8B6r4h2zbfstkf+W8o+8P9kd/5e9esaD4K0bQFV4bcTXI63E3zNn27D8K3pp4bSHfK6xxr61zWoeJ5HJjsl2L/wA9GHJ+g7Uq+JoYRXm9fxPl6+NxWOdlpHt/n3Ojuby3s03TzKg7ZPJ/CsK78VIuVtYC3+1JwPyrmpJZJnLyOzsepY5NNrwcRnVaelNcq/EKeBhHWepfuNa1C5zuuGVf7qfL/KqJYscsST6mkoryqlapUd5ybOuMIx+FWCiiisygooooAKdHLJE26N2RvVTim1Jbx+dcxRf33C/maqF+ZJbidranoVqGFpEHJLbBknqTipqQDAxS1+hRVkkfOvVmdq2iafrdqbfULZJk7EjDKfUHqK8f8W/D280EPeWRa608ck4+eIf7Q7j3H6V7jSMARgjIPUGpnBS3O3B5hWwsvdd12PluivTPHvgBbdZNX0eLEQ+ae3Ufd9WUenqK8zrklFxdmfZ4XF08TT54f8MFFFFSdQUUUUAFFFFABXvfw6uhdeCbHnLRboz7YY4/TFeCV6z8IdQD2Woacx5jcTKPYjB/kPzrWi7SPGzynz4Xm7O/6HaeKbM3/hbUrYDLNbsVHuBkfqK+cq+o2AZSpGQeCK+bdf05tJ1++sSMCKVgv+71H6EVddbM4uH6vx0vmZ1FFFc59MFFFFABRRRQAUUUUAFFFFABRRRQAUUUUAFFFFABRRRQA6GJp544kGWdgoHuTivpy0gFrZwW69Io1QfgMV4L4C006n4wsUK5jhbz3+i8j9cV9A100Fo2fK8QVb1IU10V/vCiiitz54KKKKACiiigAooooASloooAKKKKACiiigAooooAKKKKACiiigAooooAKKKKACiiigAooooAKKKKACiiigAooooAKKKKACue8T2m6KO6Ucp8rfQ9P8+9dDUU8KXEDwuMq4wawxNFVqTh3BnnlFTXVs9pcyQSD5kOPqPWoa+OlFxdmQFFFFSIKKKKACiiigAooooAKKKKACiiigAoopKAFoop8MTzzJFGMu5wBTSbdkBv+GLTLy3bDgfIn9a6WoLO2WztY4E6IOvqe5qHVbwWWnySA/ORtT6mvraFOOFw/vdNWXscprVz9q1SVgcqnyL+H/16oUHnmivlatR1Jub6khRRRWYgooooAKKKkt4XuZ44U+85wKaTbsgNbQNLF3N9omXMUZ4B/iNdaKitbdLW3jhjGFQY+tTV9fg8MsPTUevUtIKKKK6hhRRRQBwetw+TrFwMcM28fjzWfXQeK4NtzBOB99Sp/D/9dc/XwuPp+zxM4+f56nvYeXNSiwooorkNgooooAKKKKACiiigAooooA7Dw1d+dp5gJ+eE4/A9P61a1TSotRjz92ZR8r/0Ncrot79h1FGY4jf5H+h713ea+uy2pDFYX2c9baP9DxcZS5Kj7M88ngktpmimUq69q8u11CmuXgP/AD0J/PmvoTVdLTUYOMLMo+Rv6GvDfGljJZ66WdCpkUZB9Rwf6VjTwrw1dro9j0Mgmo4lxfVHO0UUV2n2IUUUUAFFFFABRRRQAUUUUAFW9M0y71i/jsrKIyTSHgdgPU+gqKzs57+8itbaMyTysFRR3Ne9+EfClv4Y04IAsl5KAZ5sdT6D2FaU4czPNzHMI4SGmsnsv1G+E/B9l4ZtQQFmvnH72cj9F9BWrquqx6ZECRulfOxf6mtA8DJrg9Yvft2oySKcxr8ifQVjmWL+q0fc+J7HydJSxVZzqO/cgvL64vpfMncsew7D6VXoor46c5TlzSd2etFKKsgoooqRhRRRQAUUUUAFFFFABWloUPnaxBxwhLn8B/jWbXReFIMzXE5H3VCD8eT/ACrsy+n7TEwj53+7UxxEuWlJnU0tJS19yeCFFFFACMARgjINeJ/ETwkNEvxqFnHixuW5UdIn9Poe1e21Q1nS4NZ0m4sLhcxzIRn+6ex/A1E4cysduAxksLWUuj39D5poqxf2U2nX89ncLtlhcow+lV64j72MlJXQUUUUDCiiigArp/h/qw0nxdas7YiuMwP/AMC6fqBXMUqsUYMpIIOQR2pp2dzKvSVWnKm+qPqOvJfi1oxjvLbWI1+SUeTKR2YcqfxGfyrv/CetLr3h21vMgy7dkw9HHB/x/GrOv6RFruiXOny4Hmr8rf3WHIP512SXPHQ+IwlWWDxScujsz5toqa7tJrG8mtbhCk0LlHU9iKhriPu001dBRRRQMKKKKACiiigAooooAKKKKACiiigAooooAKKKv6JpM+t6xb6fbg7pWwW/ur3P4ChK+hM5xhFylsj0/wCE+im30y41aVcPct5cWf7i9T+J/lXo9VrGzh0+xgs7ddsMKBEHsKs13Rjyqx+fYvEPEVpVH1CiiiqOcKKKKACiiigAooooAKKKKACiiigAooooAKKKKACiiigAooooAKKKKACiiigAooooAKKKKACiiigAooooAKKKKACiiigAooooAxdf0z7XB9oiXM0Y5A/iWuRr0euX13RjGzXdsuUPMiDt7j2rxMzwTl++pr1/zJaMCiiivAJCiiigAooooAKKKKACiiigAooooAKKKKACuo8O6YYk+2TL87D92D2Hr+NUdE0c3Ti5uFxAp+UH+M/4V1uMDAr3MswTv7aovT/MpIK47Xr/AO2XnlIcxRcD3Pc1s67qYs7fyIm/fSDt/CPWuQp5riv+XEfn/kDYUUUV4RIUUUUAFFFFABW94YthJdSXDDiMYX6msGux8OReXpSt3kYt/T+lehllPnxCv01GjXopKWvqiwooooAKKKKAMfxHb+fpLMB80TBx9Oh/nXF16RNEs0Lxt911Kn8a86miaCd4m+8jFTXzGe0bVI1V10+49TATvFx7DKKKK8E9AKKzrzWrO0yu/wAyQfwpz+tYV14hu58rFiFP9nk/nXsYLIsZi/eUeWPd6f8ABOHEZjQo6N3fZHUzXMNuu6aVEH+0cVlXHiS0jyIUeU+v3R+v+Fcs7tIxZ2LMepJyaSvqcLwphoa15OT+5f5nj1s6qy0pq34mxN4jvJMiMRxD2GT+tU21W/c5N1J+Bx/KqdFe5SyzB0VaFJfdf8zzp4uvN3lNltdUvlPF1L+JzVyDxFexkeZslHfIwf0rIpKdXLcHVVp019wQxdeDvGb+87Cz160uiFcmGQ9n6H8a9I8P6j9sshE7ZliAB9x2NeEVueH/ABLc6HeRvkyQA4ZCe3fFeLLIVhantsI9OsX+j/zPQjmXtY8lffo/8z3OuG+JPhz+1NEa/t0zc2nzsAOWTv8Al1/CuwsL+31Oyiu7WQPFIMgjt7H3qwQGBBGQeDUzgpKzOjD1pUakaseh8uUV13j3wm/h/VGubaM/2dcMTGQOI27of6e30rka42mnZn6BQrwr01UhswooopGwUUUUAFFFFABRRXZfD/wk+vakt7dRn+zrZstkcSsOi/T1/wDr04pt2RhiK8KFN1J7I7T4beExpdiNWvI/9MuV/dqw/wBWh/qa74UAYGBVHV9Ws9E02a/vpRHBEMknqT2A9Sa7oQtaKPg69aeJquct2VPEWpCzsjCjYllBGf7q9zXlGqeNdN08tHATdzDtGflH1b/DNcv4s8a33iW9lYM0NoxwsQPJHbd/hXL16GH4VWKqe3x706RX6v8Ay+89nDYb2ULPc6e78davOT5Bitl7bF3H8zWW/iPWZDltRuPwfH8qzKK+loZRgKCtToxXyT/M6rI1Y/EutRHK6jP/AMCO7+datp491SHAuI4bhfddrfmOP0rlaKmvk2X11apRj91vxQWR6VZePdMuMLcpLbMe5G9fzHP6V0drfWt9HvtbiKZe+xgcfX0rxKnxTSwSCSGR43HRkOCK+bxvA+Eqa4abg+z1X+f4kuCPcqK8x03xxqdnhLnbdxj+/wAN+Y/rmuy0vxXpeqbUWbyJj/yzl4JPsehr4vMeGswwN5ShzR7x1/4KIcWjcooorwCQrtvDtv5GkoSPmkJc/wBP0rjbeFri5jhX7zsFr0WKNYoljUYVQAB7V72RUbzlVfTQ8/HztFQHUtFFfTnlhRRRQAUlLRQB418V9JFrrdvqMa4S7j2vj++v/wBYj8q8+r274qWYuPCXn4+a3nV8+x+U/wAxXiVcdVWkfbZPWdTCJPpoFFFFZnqhRRRQAUUUUAdt8NvEg0jWjY3D7bS8IXJPCydj+PT8q9ur5bGQcivcPh94sXXdMFndSf8AEwtlAbJ5kTs319f/AK9dFGf2WfMZ5gXf6xBev+ZkfE7wmbmI67ZR5ljXF0ij7yjo34d/b6V5NX1Gyh1KsAQRgg968V8e+CH0W4fUtPjLadIcsoH+pJ7f7vpRVp/aReTZirLD1X6f5f5HDUUUVzn0gUUUUAFFFFABRRRQAUUUUAFFFFABRRRQAV7b8OvCh0PTTf3ceL+6UfKRzGnZfqep/D0rnvh54HaWSLW9UixGvzW0LD7x7OR6en516xXTSp295ny2c5ip/wCz0np1f6C0UUVufOhRRRQAUUUUAFFFFABRRRQAUUUUAFFFFABRRRQAUUUUAFFFFABRRRQAUUUUAFFFFABRRRQAUUUUAFFFFABRRRQAUUUUAFFFFABRRRQAUhAIINLRQBzWraActcWS+7RD+n+Fc4QQcEYI6g16PWbqOjW9/l8eXN/fUdfr6142MytTfPR0fYlo4mlq9e6Td2JJePdH/fTkf/WqjXgzpypvlmrMQUUUVAgooooAKKKKACiirdnpl1fEeVGdnd24FXCEpvlirsZUre0nQGlKz3alY+ojPVvrWpp2hW9liR/3s394jgfQVq17mDyvlanW+7/MaQgUKoVQABwAO1UtT1KPTrcs3MjfcT1P+FN1PVodPjwcPMR8qA/qa425uZbudppm3Mf09hW+Ox8aC5IfF+Q2xs88lxM0srbnY5JplFFfNNtu7ICiiikAUUUUAFFFFABXdaOu3SbYf7Ga4Wu50Zt2kWx/2MflXsZP/Fl6FRL9FFFfRFBRRRQAUUUUAJXH+JrTydQE6j5Zhn8R1/pXS6jqdnpVq1zezrFGO56k+gHc15T4o8cTa0fs9nF5FqpyGP32/wAPpWOIy2ePpezjp5jhi44afM/uJb7WLaxypbzJf7i/19K5u91i6vcqX8uM/wACcfn61QPJ5or0cvyHC4O0rc0u7/RdDjxWZVq+l7LsgopKWvbPPCiikoAWiikoAWiikoAWiiigDp/Bnid9B1EQzuTYzsBIP7h/vD+tezqwdQykFSMgjvXzhXr/AMO9aOo6GbOZszWZCc9Sh+7/AFH4V5mPoL+IvmduFq/YZ1GoWFtqdlLZ3kSywSjDKf8APWvEfFvgS+8PSvcW6tc6cTkSgZMfsw/r0r3imsodSrAFTwQRwa8mcFI9zBY+rhJXjqnuj5cor27XfhnpGqM01mTYXB5PljKE+69vwrg9Q+GPiGzYmCKK8jH8UTgH8jiuaVKSPqsPm+FrLWXK/M42itaXwtr8JIk0e9HuIWI/MUsPhXX5yBHo96c9zCQPzNRZnb9Yo2vzr70ZFFdpp3ww8QXjA3CQ2cZ6mV8n8lzXeaD8NdH0llmuQb64HIMowgPsv+OauNOTOHEZvhaK0lzPy/zPP/CPgK91+VLm7V7bTgclyMNJ7KP617bZWVtp1nFaWkSxQRLtVF7VOoCqAAAB0Apa6YQUT5XG4+ri5XlolshkkiRRtI7BUUEsxOAAK+cviD4zl8Vau0cDsum27FYE/vnu59z29q9K+L3iJtL8PJpkD7bi/JViDyIx978+B+deCV9PkuDVvrE16f5nVl+HVvay+QUUUV9CeqFFFFABRRRQAUUUUAFFFFAG5pPivUtK2oJPPgH/ACylOcD2PUV32j+KNP1gBEfybg/8spDg/ge9eS0AlSCDgjoRXzma8MYLH3klyT7r9V1/MlxTPpHwxaebfNcMPliHH1P+TXX14F4L+KFzoOLPU4zdWTN/rF/1qf8AxQr2/StYsNbsUvNOuUngb+JTyD6Edj7GvnYZPVyymqc9fNbM8LHQqKpzSWhfopBS0HEFFFFABRRRQBznjxBJ4J1QHtGG/JhXz7X0D4+kEXgnUyeN0YUfiwFfP1ctf4j63h+/sJev6IKKKKxPeCiiigAooooAKtabqNzpV/De2chjmibKn+h9jVWihEyipJxezPofwt4ntPE2mrPCQlwgAmhzyjf4Hsa2pYo54nilRXjcbWVhkEe9fNmkaveaHqEd7YymOVeo7MO4I7ivc/CvjCx8TWo2MIrxB+9t2PI9x6iuunUUtHufHZllksNL2lPWH5HA+MvhzNYNJqGjRtLa8s8A5aP6eo/WvPOh5r6krjfE/wAPNN10vc22LO9PJdB8jn/aH9RUzo31idWAzvlSp4jbv/meG0Vs634V1fQJCL21bys4E0fzIfx7fjWLXO01ufTU6kKkeaDuhaKKKRYUUUUAFFFFABRRXRaD4K1nX2V4bcw2x6zzDauPbufwppN7GVWtTpR5qjsjnkRpHVEUszHAUDJJr1LwX8OCjR6lrsYyPmjtD293/wAPzrqvDXgfS/DgWVV+0XmOZ5ByP90dv5109dEKVtZHzGYZ06qdOhou/UAABgDAFLRRW54AUUUUAFFFFABRRRQAUUUUAFFFFABRRRQAUUUUAFFFFABRRRQAUUUUAFFFFABRRRQAUUUUAFFFFABRRRQAUUUUAFFFFABRRRQAUUUUAFFFFABRRRQAUUUUAIRntWddaJY3WSYvLc/xR8f/AFq0qKzqUoVFaauBy8/haVcmC4Vh6OMfyqhJoOox/wDLDcPVWBrt6K4J5Vh5bXQrI4FtMvl62k34ITQNMvieLSb8UIrvqSsf7Gp/zMXKcTHoWoyf8u5UerMBV6DwtM2DPOiD0QZNdTRW0Mpw8d7sdkZdroNjbYJj81h3k5/TpWmAAMAYA7UtFd9OlCmrQVhhWVruoTWFshhA3SEruP8ADWrWL4mj3aYr/wByQGssZKUaEnF2dhM5J3eVy7sWYnJJPJpKKK+PbvqQFFFFIAooooAKKKKACiiigArsPDcvmaWEzzG5H9f61x9bvhi58u6ltyeJFyPqK9DLKnJiFfroNbnV0UUV9UWFFFB4oASuZ8TeMrLQEMKYnviOIQeF92Pb6daxvF3j1bUyafpDhp/uyXA5Cey+p968weR5XaSRmd2OWZjkk+tehhsG5e9U2OOtieX3Ybl3VdYvtauzc30xkb+FeioPQDtVGikr1VFRVkcDbbuxaKKKYBRSUUAFFFFAC0lFFABS0UUAJS0UUAJXV/Dy+Np4qiiJ+S5Roj9cZH6j9a5WtLw9KYfEemyDtcx/+hCs60eanJeRdN2mme/UUUV86ewFFFFACUtFFABSUtFABSUtJQB86fFTUzqPjq6jDZjtFWBB9Bk/qTXFVqeJJjceKNVmbq93Kf8Ax41l199hYKnQhFdEj6ejHlpxj5BRRRW5qFFFFABRRRQAUUUUAFFFFABRRRQAVqaF4i1Pw3fi7024MbfxoeUkHow71l0VM4RnFxkromUVJWZ9IeDfiDp3iuIQEi11JRl7dm+97oe4/UV2FfIUU0lvMk0MjRyIQyuhwVI7g17X4C+KKaiYtK16RY7s4WK6PCy+zeje/Q18xmGUulepR1j27Hj4rAuHv09j1OikHNLXhnmhRRSUAcL8VrwQeFEt8/NcTquPYfMf5CvFa9A+LGqC512309GytrHlv95uf5AfnXn9cdV3kfb5PR9nhI366hRRRWZ6gUUUUAFFFFABRRRQAVLbXM9ncJcW0rxTIcq6HBBqKigTSasz3f4f+I73xHo0st8qebBJ5fmLxv4zkjsea66uH+Fdv5PhDzSP9dcO34DA/pXcV3Qvyq58BjowjiZxgrJMa6LIhR1DKRggjINcnq3w58P6oWdbdrOU/wAdudo/756V11FNpPcxpV6lJ3pyaPIL/wCEWoREmw1CCdeyyqUP6ZFc/c/D7xPbE50xpB6xSK36A5r36is3Riz06eeYqPxWfqv8j5yfwp4gQ4Oi3/4QMf5ClTwn4hkOF0W+/wCBQMv8xX0bSVPsF3Oj/WCt/IvxPBLX4deJ7kj/AIl/kqf4pZVH6Zz+ldFp/wAIbpyG1HUoox3SBSx/M4/lXrNLVKjFHNUzvFT0TS9F/nc5nSPAegaOVeOzE8w/5a3B3n8ug/KulAAGAKWitEktjzKlWpVfNUd2FFFFMzCiiigAooooAKSlooAKKKKACiiigAooooAKKKKACiiigAooooAKKKKACiiigAooooAKKKKACiiigAooooAKKKKACiiigAooooAKKKKACiiigAopKWgAooooASlpKWgApKWkoAWkpaKACiiigAooooAKKKKACqGsxedpNwuOQu4fhzV+mSIJI2Q9GBBqKsOeDj3A86op0sZileM9VYqfwptfEtWdjMKKKKQBRRRQAUUUUAFFFFABUtrO1rcxzr1Rs/WoqKcZOLugPRIZVmhSVDlXAIqSuc8NahlTZSHkfNH/AFFdFX2OGrqvSU0aICQoJJwB3NeYeM/HJuDJpmkyYh+7LcKeX9l9vfvSeOfGbXLyaTpshEKkrPKp++e6j2/nXn9e5hMJ9uZw4jEfZiLSUUV6RxBRS0lAC0UUUAJS0lFAC0lLRQAlFLRQAlFFFABRS0UAFaXh2IzeJNNjHe5j/LcKza6z4d2Bu/FKTEZS2RpCffoP5/pWVaXLTk/IumuaaR7JRRRXzx7AUUUUAJS0UUAFJS0lAC0lLSUAfKfiWE23inVoW6pdyj/x41l12/xX0s6f45uJQuI7xFnU++MH9QfzriK++wtRVKEJLsj6ejLmpxl5BRRRW5qFFFFABRRRQAUUUUAFFFFABRRRQAUUUUAFFFFAj1r4d/ExoDFo2uzZi4WC6c8r6K59PevZQQwyDkHvXyBXrHw0+Iptmi0LWZswEhba4c/cPZGPp6Ht/L53NMr3rUV6r9UeVjMH/wAvKfzR7TVXUL2HTdPnvLhtsUKF2P0qzmvLvit4hZRFoUBI3ASzn1H8K/1/Kvmpy5Vc48Hhnia0aa+foebalfy6nqdzfTH95PIXPtntVWiiuFn38YqKUVsgooooKCiiigAooooAKKKKACiirFhatfajbWiD5ppVjH4nFBMpKKbZ7/4Ms/sXhDTISMMYQ5+rfN/Wt6o4YlhhSJBhUUKPoKkrvSsrH5zVnzzc31dwooopkBRSUtABRRRQAUUUUAJS0UUAFJS0lAC0UUUAFFFFABRSUUALRRRQAUUUUAFFFFABRRRQAUUUUAFFFJQAtFFFABRRRQAUUUUAFFFFABRRRQAUUUUAFFFFABRRRQAUUUUAFFFFABRRRQAUUUUAFFJS0AJS0UUAFFFFABRRRQAUUUUAFFFFABRRRQAUlLRQBxWv2/karIQPlkAcf1rMrqvE9rvtI7gDmNsH6H/69crXyWYUvZ4iS76kPcKKKK4hBRRRQAUUUUAFFFFABRRRQA6KV4ZVkjba6nIIrudNv01C0WRcBxw6+hrhKtaffy6fciWPkHhl/vCu/AYx4edn8L3/AMxp2Kfj7wiQ0ms6fHkHm5iUdP8AbH9fz9a85r6ItriG9txLEQyMOQe3sa828ZeBmtmk1LSYi0J+aW3Ucp7r7e3avvcFjIyioyfozkxFD7cTz+ilpK9Q4gpaSigApaSigApaSigBaSiigBaSlpKACloooASlpKKAFr2H4faKdM0L7TMuJ7whznqE/hH8z+NcR4K8LvrmoC5uEIsIGy5P/LRv7o/rXsoAUAAAAdAK8vHV0/3cfmd2FpfbYtFFFeadoUUUUAFFFFABRRRQAUUUUAee/Fvw42r+GxqFum6508lyAOTGfvflwfwNeAV9fuiurIwDKwwQehFfOvxE8FSeF9Wa4toydLuWJiYf8sz3Q/09q+jyXGJL6vN+n+R62X4hW9lL5HFUUUV9EesFFFFABRRRQAUUUUAFFFFABRRRQAUUUUAFFFFABRRRQI9p+F3j83ax+H9WmzOoxazOf9YP7hPr6ev8+v8AGvhKLxLppMYVb+EEwyev+yfY/pXzSjvFIskbFXUhlZTggjuK+hvhz42XxRpf2W7cDU7ZQJB081ezj+vv9a+WzfLlC9amtHuux5eIpTw9RYijpY8Wmhltp5IJkMcsbFXRhggjtTK9b+JfhH7VA2uWMf7+Mf6Sij76j+L6j+X0rySvlZxcXY+owWLjiqSnHfquzCiiipOwKKKKACiiigAooooAK7D4aab9v8XwysMx2iNMfr0H6nP4Vx9eyfCjSTa6FPqLrh7uTCn/AGF4/nmtKUbyPNzWv7HCy7vT7/8AgHoFLSUtdh8MFFFFABRRRQAUUUUAFFFFABRRRQAUUUUAFFFFABRRRQAUUUUAFFFFABRRRQAUUUUAFFJS0AFFFFABRRRQAUUUUAFFFFABRRRQAUUUUAFFFFABRRRQAUUUUAFFFFABRRRQAUUUUAFFFFABRRRQAUUUUAFFJS0AFFFFABRRRQAUUUUAFFFFABRRRQAUUUUAQ3UC3NtJC3R1Irz+WNopXjcYZSQR716NXJeJbPyrtblR8kvDezD/AOtXj5vQ5qaqrp+QmYlFFFfOkBRRRQAUUUUAFFFFABRRRQAUUUUAXNO1KbTp96HKH7yHof8A69dnZ3kN9AJYWyO47j61wFTWt3NZzCWFyrdx2P1r0cFj5Yd8stY/kNMs+KfAEOol7zSwkF0eWi6JIf6GvLruzuLG5e3uoXhmU8q4wa9103W4L4BHIjm/uk8H6U7V9C0/XLfyr2BXI+7IOGX6Gvs8HmSlFO94mFXDKesdzwKiuz1z4d6jp5aXTyby3HO0DEij6d/w/KuOkjeJykiMjqcFWGCK9inVhUV4s4JwlB2khtFFFaEhRRSUALSUUUALRRSUALRVux0u/wBSfZZWk05/2EJA+p6CunsPhtrNyQbpobRD13Nub8h/jWc61OHxMuNOctkcbXV+GPBF5rTpcXStb2HXcRhpPZR/Wu60bwFpGlMssqG8nHIaYfKD7L0/PNdUAAMAYFefXx91an9510sLbWZBZ2cFhaR2ttEscMYwqr2qxRRXmnaFFFFABRRRQAUUUUAFFFFABRRRQAlVdS0201awmsr6FZreUYZG/mPQ+9W6KabTuhptO6PnXxp8ONQ8NSyXVor3emZyJFGWiHo4/r0+lcRX2AVDAggEHqDXC+IvhVoOtu89srafctyXgHyE+6dPyxX0ODzqy5MQvn/merQzHTlq/efPNFehap8HvEdkWaza3vox02Psb8m/xri9R0bU9Il8vULG4tm7eYhAP0PQ17dLF0a38OSZ6MK1Ofwso0UUV0GoUUUUAFFFFABRRRQAUUUUAFFFFABRRRQAVf0bV7vQtWg1GyfbNC2R6MO4PsaoUUpRUk4y2Ymk1Zn1X4f1u08S6HDqFtgxyrh4zyUbuprx3x74WPh7WDLboRYXJLRY6Ie6/wCHt9Kzvhp4vPhvXBa3MmNOvCEkyeI27P8A0Pt9K9z8Q6JB4h0Wewmx84zG/wDccdDXwuZ4F0Kjj03R5lCrLL8Tf7D/AC/4B84UVPeWk+n3s1pcoUmhco6nsRUFeKfZJpq6CiiigYUUUUAFFFFAE9laS399BaQDMszhFHuTivpPTbGLTNNtrKEYjgjCD3wOteU/CnQvtWqTaxMmYrUbIs95COT+A/nXsFdVGNlc+Rz3E89VUVtH8xaKKK2PCCiiigAooooAKKKKACiiigAooooAKKKKACiiigAooooAKKKKACiiigAooooAKKKKACiiigAooooAKKKKACiiigAooooAKKKKACiiigAooooAKKKKACiiigAooooAKKKKACiiigAooooAKKKKACiiigBKWiigAooooAKKKKACiiigAooooASloooAKKKKACqmo2a3tlJAepGVPoe1W6SpnBTi4vZgecujRuyMMMpwR6Gkrf8AEmn+XKLyMfK/D47H1rAr47EUHQqODIegUUUVgIKKKKACiiigApKWigAooooAKKKKADp0rYsPENxagJP++jHqfmH41j0VrSr1KMuaDsM7yz1K1vl/cygt3Q8EfhUGp6BpesJi9s45G7PjDD8RzXFAlSCCQR0IrUtPEF7bYVmEyej9fzr28PnKX8RWfdDdnozM1L4XKcvpl9j0juB/7MP8K5S+8G6/YEmTT5JEH8UPzj9Oa9XtvEtnLgTK8Le4yPzFakN3b3AzDNG/sG5r38Pm3MvdkpGEsNTltofPEkUkLlJEZGHUMMGm19FTW0Fyu2eGOVfR1DD9azJvCmgXBJfSbUf7ibf5YrvjmMesTF4N9GeEUV7W/gLw05z/AGbj6TSf/FU6DwN4cglWVdODMpyN8jsPyJwav+0KfZk/VJ90eXaJ4T1XXSGt4fLt88zy8L+Hr+FeiaR8PNJ08K92DezDvJwg+i/45rrlVUUKqgKBgAdBS1xVcZUqaLRHTTw0Ib6sZFDHDGI4o0jQdFQYA/Cn1FNdQW4zNMiD/abFcJ4j+LWi6OXgsVbULocYQ7Y1Pu3+ANYUac68+Smrs66dOVR8sFc9AoLAdSK+ctX+KXijVWYJeCyhPSO1Xb/48ct+tctc6lf3jFrq9uZ2PUyysx/U17NPIqsleckvxO+GWzfxOx9a7l/vD86XNfISSyRtuSR1PqrEVs6f4x8R6WwNprN2oHRHkLr/AN8tkVc8hml7s0/lb/MqWWS6SPqWkrxjQPjTcRskOvWSyp0NxbDDD3Kng/gR9K9Y0jWtO12yW7027juIT1KnlT6EdQfrXlYjB1sO/wB5HTv0OGrh6lL4kaFFFJXKYi0UUUAFJRS0AFFUNV1mw0W1NzqFykMfbPVj6AdTXmetfFq5kZotGtFhToJpxuY+4UcD8c1MpqO514bA18S/3cdO/Q9apN6+o/OvnK+8Ua7qLE3Wq3TA9VWQov8A3yMCstpHdtzuzH1JzWTrroj14cPVGveml8r/AOR9Qgg9DS18x29/eWjBra7nhI6GOQr/ACrpNL+I3iLTWUPdC8iH8Fwu4/8AfQ5/Wmq8epnVyCtFXhJP8D3io57eC6haG4hjlibgpIoYH8DXD6R8VdHvAqX8ctjKepI3p+Y5/SuxstVsNRQPZXsFwMf8s5A2K1jNPVM8mtha1B/vItf13OK8QfCTQtVDy6fu064PP7vmMn3U9PwxXkfiTwNrfhdy15beZa5wLmH5kP19Pxr6cprxpLGySKrowwysMgj3r1MLm1ejpJ8y8/8AM0o46pT0eqPkGivb/GHwjtb4SXvh/bbXP3mtScRv/u/3T+n0rxe9srrTruS0vIJIJ4zh43GCK+nwuNpYmN4PXt1PZo4iFZXiQUUUV1m4UUUUAFFFFABRRRQAUUUUAFFFFABX0B8KvFf9uaF/Z11Jm+sQFyTy8f8ACfw6H8PWvn+tnwtr83hrxDa6lFkojbZUH8cZ+8P89wK4cxwixNFxW61RzYqh7am116Hq3xV8OZWPXrdORiO5wP8Avlv6flXldfTMsdprekFCVmtLuHgjoysOCPzr511rS5tF1i50+f70LkA/3h2P4jFfn9aFnc6sjxftKboS3jt6f8Ao0UUVge8FFFFABUlvby3dzFbwIXllYIijuScCo69L+Ffhrzrh9duU+SPKWwPdu7fh0/P0qoR5nY5cZiY4ai6j+Xqei+HdGj0HQ7bT48ExrmRh/E55J/OtWkpa7UraHwE5ucnKW7CkpaKZIUUUUAFFFFABSUUtABRRSUALRRRQAUlFLQAUUUUAFFFFABSUtFABRRRQAUUUUAFFFFABRRRQAUUUUAFFFFACUtFFABRRRQAUUUUAFFFFABRRRQAUUUUAFFFFABRRRQAUUUUAFFFFABRRRQAUUUUAFFJS0AFFJS0AFFJRQAtFFFABRRSUALRRRQAUUlLQAUUlLQAUUUUARTwpcQPDIMo4wRXCX1m9jdPA/bofUetd/WbrOmC/tcoB56cofX2rzsxwnt6fNH4kJq5xVFKylWKsCCOCD2pK+XICiiikAUUUUAFFFFABRRRQAUUUUAFFFFABRRRQAUA45zRRQBZi1G8h4juZQPTdkVaTxBqKf8tlb/eQVmUVtHEVofDJ/eO5sjxNfDqsR/4Cf8aD4mvj0SEf8BP+NY1Fa/XsR/OwuzVfxFqLdJEX6IP61TuNXuzGzz3jrGoJY7toAqtXnvjnxAZZjpNs+I0/17D+I/3fwruyzDYrM8QqEZu3V9kb4ejKtPlRV8T+MptSke1sZGS16M+cNL/gK5Kiiv1rA4GhgqSpUVZfi/Nn0dKlGlHligooorsNQooooAK0tE17UfD2oLe6dcNFIPvL/C49GHcVm0VM4RnFxkromUVJWZ9M+C/Gln4u07emIb2IDz7cnke49VrqK+TtD1q70DVoNRspCssR5HZ17qfY19PaDrVt4g0a21K1P7uZcle6N3U/Q18hmeA+rT5ofC/w8jwsZhfYyvHZmnRSUV5ZxC1zPi/xfa+GLPtLeyD9zDn/AMeb0H8609f1qDQdHn1C4ORGMKnd2PQCvnjVNTutX1Ga+u5C80rZPoB2A9hWVSpyqy3PXyrLvrU+efwr8fIdqur32tXr3d/O0srdM9FHoB2FUqKK5G7n2UIRglGKsgooooKCiiigApySPGweN2Vh0KnBFNooE1c2rTxd4gsgBBq11tHRXfePybNa8HxP8TQ433EEwB53wjn8sVx1FUpyXU554LDz+KC+4968K+OLDxIghOLa+A+aBj973U9/51N4t8Gab4ssilynlXSD9zcoPmT2PqPavAY5JIZFkidkdTlWU4INeueCPiGuoGPTNYkVLr7sU54EvsfQ/wA666GJlCSknZo+dx+VTw79th9l06r/AIB434h8O6h4Z1NrLUItp6xyD7si+oNZNfVHiPw3YeJ9Kexvo8945R96NvUV83eJPDl94Y1aSwvU6cxyAfLIvYivtMuzGOJXLLSS/EWExarKz3MiiiivUO0KKKKACiiigAooooAKKKKACiiigD3L4OeI/t2jTaJO+ZrL5osnkxE9PwP8xS/FjQvMt7fWoU+aP9zPjup+6fz4/EV5R4Q11vDviey1AEiJX2TD1jPDf4/hX0vqNlBrGkT2kmGhuYiuRz1HBH6Gvjc6wns6za2lr8+p5U5PB4uNZbP+mfNFFTXlrLY3s9pMuJYXKMPcHFQ184fZppq6CiinRRSTypFEheRyFVVGSSe1AN21Zp+HNCn8Q6zDYwghSd0j/wBxB1NfRFjZwafZQ2lsgSGFAiKPQVz/AIJ8LJ4a0gCQA3s4DTt6eij2FdPXZShyo+KzXHfWavLH4Vt/mLRRSVoeULRRRQAUUUUAFFJS0AFFFJQAtFJS0AFFJRQAtFFJQAtFFFABRRRQAUUlLQAUUUUAFFFFABRRRQAUUUUAFFFFABRRRQAUUUUAFFFFABRRRQAUUUUAFFFFABRRRQAUUUUAFFFFABRRRQAUUUUAFFFFABRRRQAUUUUAFFFFABRRRQAUUUUAFFFFABRRRQAUUUUAFFFFABRRRQAUlLRQBzuv6TvDXluvzD/WKO/vXM16ORXKa5oxt2a6t1/dH76j+E+v0rwcywO9amvX/Mlow6KKK8MkKKKKACiiigAooooAKKKKACiiigAooooAKKKKACiiigApKWigDP1vURpWj3N4cbkXCA92PA/WvGJHaWRpHYs7Ekk9ya9A+I12Us7O0B/1jtI3/ARgfzP5V57X6lwdg1SwTrveb/Baf5nvZbSUaXP3CiiivrT0gooooAKKKKACiiigAr1L4M+IGttVuNDmf91cqZYQezqOR+I/lXltaPh/UW0nxDp9+pI8idHOO4zyPyzXLjaCr0JQf9MwxFNVKbifWFFICCAR0NI7BEZ2OFUEk18IfNHjnxV1s3esx6VE/wC5tBucA9ZCP6DH5mvP6t6pePqOq3d45y08rP8AmaqVwzlzSufoODoKhQjTXRfiFFFFSdQUUUUAFFFFABRRRQAUUUUAFAODkcGiigD1z4feOTeiPRtVl/0gDEEzH/WD+6ff+ddR4v8ACtp4s0Z7OYBJ1y1vPjmNv8D3FfPiO0bq6MVZTkEHBBr3LwD4uHiHTvst04/tG3X5/wDpovZh/X/69dmGryhJNOzWx8rmuXuhL6zQ0XXy/wCAfPWpaddaRqM9hexGO4hYq6n+Y9j1qrXvfxT8GDW9LOrWUeb+0Qlwo5ljHUfUdR+NeCV97gcXHFUubr1Lw1dVoc3XqFFFFdh0BRRRQAUUUUAFFFFABRRRQAV9GfC7XP7Z8GwRyPuuLI/Z3z1wPun8sflXznXo3wd1k2PiiXTnbEV9FhR/tryP03V5mb0Pa4Ztbx1/zOLHUuek321NH4qaR9i8Qx38a4jvEy3++vB/TFcHXu3xJ0v+0fCM0qrmW0YTr9Bw36E/lXhVfA1Y2kevk9f2uFSe8dP8gr1v4ceDDaImt6jFidxm3jYfcU/xH3Pasn4feBjfPHrGqRf6Kp3QQsP9af7x/wBn+f06+vitKVP7TPOzjM73w9J+r/T/ADClooroPmgooooASloooAKKKKACiiigAooooAKKKKACiiigAooooAKKKKACiiigAooooAKKKKACiiigAooooAKKKKACiiigAooooAKKKKACiiigAooooAKKKKACiiigAooooAKKKKACiiigAooooAKKKKACiiigAooooAKKKKAEpaKKAEopaKAEopaKACiiigAooooAKKKKACkpaKACiiigApKWigBKGUMCCMg9RS0UAclrOim1LXFupMJ5Zf7n/wBasSvRyARg8g1zGr6CU3XFmuV6tGO30rwMflzjepSWnVEtHP0UUV4hIUUUUAFFFFABRRRQAUUUUAFFFFABRRRQAUUUUAFFFFAHm3xEkzrVtH/dtwfzY/4Vx9dT8QDnxGg9LdR+rVy1ftGQR5csoryPp8GrUI+gUUUV650hRRRQAUUUUAFFFFABR0NFAGTih7CPrXSpDLo9jIerwIx/FRUeuSGLQdRkXqltIw/BTU2mp5el2if3YUH6CmatF5+j30X9+3kX81Ir87lu7Hy8Wudep8z0UUV5x+joKKKKBhRRRQAUUUUAFFFFABRRRQAUUUUAFXdI1S50XVIL+1bEsTZx2YdwfYiqVFCdiZRU4uMtmfS2kapb61pUF/bHMUy5weqnuD7g8V4J8TfCv/CO+IjPbR7bC9JkiwOEb+Jf6j2NdN8LfERstTfR53/cXR3RZP3ZB2/EfyFegeOPDq+JfC9zZhQbhB5tufRx0H48j8a9zK8b7GqpPZ6M+MqU3gMW4P4X+X/APmKilZWRirAhgcEHsaSvuT1QooooGFFFFABRRRQAUUUUAFXNI1B9K1izv4zhreZZPrg8iqdFKUVJOL6iaurM+t2EOpacRw8FxF+asP8AA15b4T+G8supSXOsRlbS3lZY4m6zFTjJ/wBn+ddf8NtS/tPwLpzs2ZIFMD/8BOB+mK6yvz2vR5KjjLozwaeKq4VTpQdriKqooVQAoGAAMAUtLRUnEJS0UUAFFFFABSUtFABRRRQAlFLRQAUUUUAJS0UUAJS0UUAFJS0lAC0lLRQAUUUUAFFFFABRRRQAUUUUAFFFFABRRRQAUUUUAFFFFABRRRQAUUUUAFFFFABRRRQAUUUUAFFFFABRRRQAUUUUAFFFFABRRRQAUUUUAFFFFACUtFFACUtFFABSUtJQAUtFFABRRRQAUUUUAFFFFABSUtFABRRRQAlLRRQAUlFLQAlM82PzfK3r5m3dszzj1xUleS+PNWubbxmslpO0UtrEiqynoT839a2oUXVlyozq1PZq7O/1XQUut01thJupHZv/AK9crLDJBKY5UKOOoNaXhfx5a6sEtNQK2170DdEkPt6H2rp77TrfUI9sy/MPuuOorx8wym8m4q0vwYRlGavE4OitDUNHubAliPMh7SKP5+lZ9fN1Kc6cuWasxhRRSVmIWiiigAooooAKKKKACiiigAooooAKKKKAPL/H4x4jH/XBf5muWrrfiGmNegbs1sv/AKE1clX7RkLvltF/3UfT4R/uI+gUUUV650hRRRQAUUUUAFFFFABSrww+tJRQxH1zYsH0+2YdDEp/SkvyF0+5J6CJj+hqp4buBdeGNKnBz5lpEx+u0Zp3iCYW/h3UZc4220mPrtOK/PnH95y+Z8pU0ufN8y7JWHvTKt3ceVDjtwaqVyYyi6NZx6dD7nKcYsXhIT6rR+qCiiiuY9IKKKKACiiigAooooAKKKKACiiigAooooAfDNJbzxzxMVkjYMrDsQcivo7w/qya3oVpqCYzKg3gdmHBH55r5ur1P4R6tkXukSN0xPEP0b+lbUZWdjxM8w3tKHtVvH8jhPihoI0XxjNJEm23vR9ojx0BP3h+fP41xde9/GPRxe+FY9QRcy2MoJP+w3B/XafwrwSvv8rr+2w0W91p9xwYOr7Skr9NAooor0DrCiiigAooooAKKKKACiiigD2j4IX++w1TT2P+rkWZR7MMH/0EV6zXgPwbvPs/jN7cni5tnXHuCG/oa99r43N6fJipedmfP46PLXfmLRRRXmHGFFFFABRRRQAUUUlAC0UUUAFFFFABRRRQAUUUUAFFFFABRRRQAUUUUAFFJS0AFFFFABRRRQAUUUUAFFFFABRSUtABRRRQAUUUUAFFFFABRRRQAUUUUAFFFFABRRRQAUUUUAFFFFABRRRQAUUUUAFFFFABRRRQAUUUUAFFFFABRSUtABRRRQAUUUUAFFFFABRRRQAUUUUAFFFFABRRRQAUUUUAFFFFACV4V4tn+0eK9SfPSYoP+A8f0r3U189apL52rXkufvzu3/jxr0MuXvtnHjH7qRVrsvDfj+80rZbahuurQcAk/vIx7HuPY1xtFenUpxqK0kcUJyg7xPoLTtUsdYtBPZzpNGeoHUexHaqGoeHYZ8yWpEUn93+E/wCFeLWGo3ml3IuLK4eGQd1PX2I716NoPxJt7jbBrCCCTp56DKH6jqK8TGZUpxs1zL8Tvp4mMtJaMS6s7izk2TxlD2PY/Q1BXoCtbX9sGVo54XHBBDKaxr3wzG+XtH8s/wBxuR+dfK4nKZw1part1Oi3Y5iirF1YXVm2J4WUf3uoP41XryZQlB2krMQUUUVIgooooAKKKKACiiigApKWigDzz4jxYvLGXH3o2X8iP8a4mvRfiNDu06ynx9yUp/30M/8AstedV+v8L1OfK6fldfiz6PASvQiFFFFfQHaFFFFABRRRQAUUUUAFFFFAH0h8L74XvgHT+ctBuhb8GOP0Iqz4/uhbeEbpc4aZliH4nJ/QGsX4O2Mtr4KM0hO26uHkjU9lAC5/NTUPxTvuLDT1PPzTOP0H/s1fFVKaeOlGO12fKY9qEp2PNiARg9DWfNEYm/2T0NaNNZQ6kMMg114zCLEQt1WxhlOaTwFW+8Xuv19TMoqaW3aPkcrUFfMVaU6UuWasfpOGxVHEwVSjK6FooorM6AooooAKKKKACiiigAooooAKKKKACt/wTqJ0zxfp82cI8nlP9G4/mRWBTo3aKVJFOGUhgfcU07O5lWpqpTlB9UfSWu6euq6FfWDAETwOg+pHB/OvlBlKMVYYYHBB7V9b2NwLvT7a5ByJYlcfiM18weLLMWHi7VrYDCpdSbR6AnI/Q19hkNTWcPmfH5bJqUoMxqKKK+kPWCiiigAooooAKKKKACiiigDpvh5c/ZfHukPnAabyz/wIFf619NV8o+Hpjb+JdLmBxsu4j/48K+rhXy+fRtVjLyPFzNe/F+QtFFFeEeaFFFFABRRRQAUUUUAFFFFABRRRQAUUUUAFFFFABRRRQAUUUUAFFFFABRRRQAUUUUAFFFFABRRRQAUUUUAFFFFABRRRQAUUUUAFFFFABRRRQAUUUUAFFFFABRRRQAUUUUAFFFFABRRRQAUUUUAFFFFABRRRQAUUUUAFFFFACUtFFABSUtFABRRRQAUUUUAHeiiigAooooAKKKKACiiigAooooAKKKKAGudqM3oM185ynMzn1Y19FT/6iT/dP8q+dH++31r08u+18jhxnQSkoor0ziFopKWgDQ0rXNR0aXfY3TxjPKdVb6jpXoGjfE21mCxarAYH6ebGNyH6jqP1ry6lrCrh6dT4lqaQrThsz6Gtb2z1K3822niuIm7owYfjVO68P2VzllUwv6p0/KvDLS9urGYTWlxLBIP4o2INdfpfxL1S12pfQx3iD+L7j/mOD+VeXiMqU1aykjshi4v4tDq7nw3eRZMJWZfbg/lWVLbzQNtlidD/ALQxW3pvj/Qr/CyTtaSH+GdcD/vocV0cclveQho3imibupDA14GIySKel4m6cZfCzz2iu2n0PT58kwBD6ocf/WrPm8Kof9TcsPZ1zXmVMqrx+GzKsczRWxL4avk+55cn0bH86qSaRqEf3rWQ/wC6N38q5J4WvD4oP7hWKVFSPbTx/fgkX6oRUZGOtYuLW6EJS0UVIHPeNbf7R4YuCBkxMsg/PB/QmvJ69w1C2F7ptzbY/wBbEyD6kV4gQVJBGCODX6XwVX5sLUov7Lv96/4B7mVzvTcezEooor7Q9QKKKKACiiigAooooAKnsrSW/voLOBS0s8ixoPUk4FQV6Z8HfDpvtbl1qZP3FkNsWRwZCP6D+YrnxVdUKMqj6GVaoqdNyZ7RpOnxaTpFpp8P+rt4ljHvgda8Y8X6mNV8TXk6tmJG8qP/AHV4z+Jyfxr1fxbq40Xw7cXCtiZx5UPruPf8Bk/hXhlfLYCDbdVnxeMqXfL8wopKK9I4QqOS3jfnGD6ipKWoqU4VFaaubUMRVoS56Umn5FF7R1+6QwqFlZThgR9a1KQgEYIzXm1cppy1g7H0WF4pxFPStFSX3P8AyMqlq+1vE38OPpUTWf8Adf8AMV59TK68dtT3aHEuBqfG3F+a/wAirRUxtZR0wfoaYYZB1Q/gK5JYatHeLPUp5jhKvwVE/mhlFLtYdVP5UlZNNbnWpxezCiiikUFFAUscKCT6CrcOlajcf6iwupc/3IWb+QosS5xW7KlFb1t4J8S3WPL0e5Gf+egEf/oRFbVp8KvEE5Bna1th33ybj/46D/OqUJPoc08dhofFNfeen+DZjP4O0pycn7Oq/lx/SvDfijD5PxC1EjpII3/8cX/Cve/DekvoegWumyTCVoFILgYBySf614b8XP8Akfrj/rhF/wCg19LkTaxFvL/I+Uwsk8VNx2d/zOFooor649cKKKKACiiigAooooAKKKKAJrR/LvYJB1WRT+tfXQ6CvkKH/Xx/7w/nX14n3F+lfOZ+tab9f0PIzPePzHUUlLXzp5QUUUUAFFFFABRRRQAUUUUAFFFFABRRSUALRRRQAUUUUAFJS0UAFFFFABRRRQAUUUUAFFFFABRRRQAUUUUAFFFFABRRRQAUUUUAFFFFABRRRQAUUUUAFFFFABRRRQAUUUUAFFFFABRRRQAUUUUAFFFFABRRRQAUUUUAJS0UUAFJRS0AFFFFABRRRQAUUUUAFFFFABSUtFABSUtFACUtFFABRRRQAUUUUANcbo2HqMV85yDErj0Y19GnpXzzqMfk6pdxY+5M6/kTXpZc9ZI4sZsirRS0V6hwiUtFFABRRRQAUUUUAJU9teXVlJ5lrcSwP/ejcqf0qGihpPcE7HoPgnxbq19r0Gn3t158Mitjeo3ZAJ69e1en14N4WuRZ+KNNmJwPPVSfZvl/rXvGa8bHU1CorKx6WFm5RdxaSloriOkTFIUU9VB+op1FKyYERt4T1iQ/8BFH2eEdIY/++RUtFLlj2AaI1XooH0FfMPjnTP7J8aapahcIZjKn+6/zD+ePwr6grxb42aR5d/p+rovyyoYJCPVeV/Qn8q9nJaqp4jl/mR3ZfU5avL3PJ6KKK+uPeCiiigAooooAKKKKAJ7Kzn1C9hs7aMyTzOERR3Jr6i8MaDD4b0C102HBMa5kf++5+8fzrz34R+Djbxf8JFfR4kkUraIw+6vd/wAeg9vrXbeMvEC6DozGNh9rnykI9PVvw/wr5bNcU8RVVCnsvz/4B4WY4pN8q2RwXxC1z+09a+xwtm3s8rx0Z/4j+HT8DXIUElmJJJJOST3orenTVOCij5ecnOTkxKKWirJEopaKAEopaKACiiigBKWikoA3fB9h/aHimxiIyiSea30Xn+le3tbwyD54o2/3lBrzn4W6dmW91JhwAIUP15P9K9LrxcdPmq27Hp4ROML9yqdNsT1src/9sl/wpV06yX7tnbj6RL/hVilrjsdXPLuRrDGn3I0X6Lin4paKCb3DFJilpKACvnH4qTCb4g6gB/yzWNP/ABwH+tfRxr5Z8X3o1Dxhq1yDlWunCn1AOB+gr28ihevKXZHo5bG9RvyMWiiivqj2wooooAKKKKACiiigAooooAltUMl3Cg6tIo/WvrsdBXyhoMJuPEWmwgZ33US/+PCvq8V81n796C9Tx8zesULRRRXz55YUUUUAFFFJQAtFFFABRRRQAUUlLQAUUUUAFFFFABRRRQAUUUUAFFFFABRRRQAUUUUAFFFFABRRRQAUUUUAFFFFABRRRQAUUUUAFFFFABRRRQAUUUUAFFFFABRRRQAUUUUAFFFFABRRRQAUUUUAFFFFABRRRQAUUUUAFFFFABRRRQAUUUUAFFFFABRRRQAUUUUAFFFFABRRRQAUUUUAFFFFABRRRQAleEeK4Ps/irUo8Y/fsw+h5/rXu9eO/Ee28jxW0uOJ4Uf8R8v9K7sBK1RrujlxavBM5KkpaK9g84KKKKAEpaKSgAoopaACiiigBUdo3V1OGUgg+hr6D0u8XUdLtbxDxNEr/QkcivnqvVvhnqwuNLm0yRv3ls25Ae6N/gc/mK4MfT5oKS6HVhJ2ly9zu6KKK8g9EKKKKACiiigArlfiHov9ueDL6BF3TQr58X+8vP6jI/GuqpCAQQRkHrV0qjpzU1uioScJKS6Hx/RXQeNtDPh7xZe2QUiEv5kP+43I/Lp+Fc/X39OoqkFOOzPqISU4qS6hRRRVlBRRRQAV3Hw68DyeJ9SF3doRpdu37w/89W/uD+v/ANeqPgnwTeeLtQ/ih06Jv39xj/x1fVv5fz+irGxs9G02O0tY0gtYEwB0AA6kn9Sa8XNMxVFOlTfvP8P+CedjcWqa5Ib/AJD7m5ttL0955SsVvAmTjgADoBXh3iHXJtf1aS7kysf3Yo/7i9hWx418WHXLr7HaMRYQtwf+erf3vp6VyNeZg8PyLnluz5LE1ud8q2FpKWkruOYKWkpaACiiigApKWigApKWigAoorb8JaT/AGx4jtbdlzEjebL/ALq8/rwPxqZyUYuT6DjHmdkes+EtM/srw1aW7LiRl8yT/ebn/AfhW5SDpS187KTlJyfU9mK5VZBRRRUjCiiigAoopKAM3xDqS6P4fv8AUGOPIgZx7tjgfnivlJmLsWY5YnJJ7mvbPjRrwt9KttEif95ct5soHZF6fmf5V4lX1eSUOSi6j+1+SPby6ny03J9Qooor2j0QooooAKKKKACiiigAooooA6X4f2xuvHmjpjIWcSH/AICC39K+mxXgHwdsjceNTcYyLa2d8+hOF/qa9/r5PPJ3xCj2R4eYyvVS7IKWkpa8Y88KKKKACiiigAooooAKKKKACiiigApKWigAooooAKKKKACiiigAooooAKKKKACiikoAWiiigAooooAKKKKACiiigAooooAKKKKACiiigAooooAKKKKACiiigAooooAKKKKACiiigAooooAKKKKACiiigAooooAKKKKACiiigAopKWgAoopKAFoopKAFooooAKKKKACiiigAooooAKKKKACiiigAooooASvOvinZ5i0+9A6FomP15H8jXo1c544sPt/hS7AGXhAmX/gPX9M1vhp8lWLMq0eam0eI0UtJXvnkhRS0UAJRRRQAUtJRQAUUUUALWn4f1iTQ9agvUyVU7ZFH8SHqP8+lZdLSlFSVmNNp3R9F29xFdW0dxC4eKRQysO4NS15Z4A8ViykXSL6TEDn9w7HhGP8ACfY/zr1LrXz9ai6U+VnrUqiqRuhaKKKyNAooooAKKKKAPL/jJ4e+2aPBrUKZlszslx3jY9fwP8zXh1fXN7Zw39lPaXCB4ZkMbqe4IxXyz4g0afQNdu9MnB3QuQrf3l6qfxGK+oyTE81N0XutvQ9nLq3NF030MyiirenaZfavdra6fayXEzdFjXOPc+g9zXuSkoq72PSbSV2VK7nwR8OL3xNIl5eh7bSwclyMNN7L7e/867Twf8I7eyMd74gKXM45W1XmND/tH+I+3T616TeXtnpNkZ7mVILeMY54H0A/pXgY7OP+XeH1ff8AyPLxWYJLlp/eNsrKy0bTktbWKO2tIF4UcBR3JP8AU15l408aHVGfTtOcrZA4kkHBlP8A8T/Oqnivxrca6zWtrugsAfu/xSe7e3tXKVwYbCNP2lTc+ZxGJc9IiUUUV6BxhRS0lABRRS0AFFJRQAtJRRQAUUtJQAV6x8NtH+yaTJqMq4lujhM9kH+J/pXnGh6XJrOsW9jHn943zsP4VHU/lXvdvBHbW8cEShY41Cqo7AV5+Pq2iqa6nXhKd3zMloopK8k9AWikpaACiiigAqvfXsGnWU15dSCOCFC7sewFTnge1eGfFPx0urTnQ9NlzZQt+/kU8SuOw9h+prrweFliaqgtupvh6DrT5UcT4m12bxH4gutTmyBI2I0P8CD7o/KsiiivuIQUIqMdkfRxiopJBRRRVFBRRRQAUUUUAFFFFABRRRQB7P8ABDT9ljqmosv+skWFT7KMn/0IV61XKfDnSzpXgbTomXEkyee/1fkfpiurr4XH1fa4mcvP8tD5rEz56smFFFFchgFFFFABRSUUALRRRQAUUUUAFFFFABRRRQAUUUUAFFJS0AFFFJQAtFFFABRRRQAUUUUAFFFFABRRRQAUUUUAFFFFABRRRQAUUUUAFFFFABRRRQAUUUUAFFFFABRRRQAUUUUAFFFFABRRRQAUUUUAFFFFABRRRQAlLRRQAUUUUAJS0lLQAUlLRQAUUUUAFFFFABRRRQAUUUUAFJS0UAFFFFACUtFFABRRRQAUyWNZonicZR1KsPUGn0lAHz3qli+m6pdWT9YZCv1HY/lVOu8+JuleRqkGpIvyXC7HI/vr0/Mfyrg6+hoVPaU1I8epDkm0FLSUtakCUtJRQAtJS0lABRRRQAtFJS0AFeh+D/HghWPTtYkOwfLFcnt7N7e9ed0tZVaMaseWRdOpKDuj6OR1kQOjBlYZBByCKWvD9A8YanoJEcb+fa55gkPA/wB09q9J0jx5ouqKqSTfZJz1Sc4GfZun8q8ithKlPbVHo08RCfkzp6Wmq6uoZGDKeQQcg0tcpuLSUtJQAtec/E7wNc+JFtb7S4le/jPlSKWC70PQ5Pof516LUF1e2tjH5l1cxQJ/ekcKP1rbD1p0ainT3RdOq6UueJ5PoPwVAKza7fbscm3tv6sf6D8a9P0rRdN0O1Fvp1pFbRDrsHJ9yep/Gud1T4kaRZhks1kvZR/dG1PzP9BXB6z4z1jWd0bz+Rbn/ljD8oI9z1Nd0/reLd6rsv66GWIzBz+J3PQ/EHjvTdIDQ27C7uxxsQ/Kp9z/AEFeWaxrl/rlz517MWx92McKg9hWdRXVRw0KW255dStKpvsFFJS10GQUUUlAC0UUlAC0lFLQAUUlLQAlFLSUALRSVu+FNBfX9ajgYH7NH887f7Pp9T0qZzUIuT6DjFydkd38OdB+xac2qTpia6GI89Vj/wDr9fyruKaiLGioihVUYAHQCnV89VqOpNyZ68IKEVFC0UlLUFhRSU2SVIkLyOqIoyWY4AoAdTZZY4YmlldUjQZZmOAB6k1xWv8AxT8O6MrRwT/2hcjgR2xyoPu/T8s1494o8e6z4pYx3Eogs85W2hOF/wCBHqx+v5V6WFyuvXd2uWPdnZRwVSpq9Edd8QPih9uSXSNAlItz8s12OC47hPb3715TRRX1eGwtPDQ5Ka/4J7VGjClHliFFFFdBsFFFFABRRRQAUUUUAFFFFABWl4f0t9a8QWOnIP8AXzKrY7L1J/LNZtep/BbQ/tGqXetSr8lsvkxE/wB9uv5D/wBCrlxtf2FCU/6uY4ip7Om5HtcUaxRJGgwiAKoHYCn0lLXwh8yFFFFABRRRQAUUUUAFFFFABRRRQAlLRRQAUUUUAFFFFABRRRQAUlLRQAUUUUAFFFFACUUtFABRRRQAUUUUAFFFFABRRRQAUUUUAFJS0UAFFFFABRRRQAUUUUAFFFFABRRRQAUUUUAFFFFABRRRQAUUUUAFFFFABRRRQAUUUUAJS0UUAFFFFABRRRQAUUUUAFFFFABRRRQAUUUUAFFFFABRRRQAUUUUAFFFFABSUtFAGL4q0j+2vD9zaqMzAeZF/vjp+fT8a8JIIJBBBHBBr6PNeN+PtDOla61zEmLa7zIuOgb+If1/GvRwFWzdNnFi6d0po5Oilor1ThEpaKKAEopaKACkpaKAEopaKAEopaKAEpaKKALdnquoaec2d7PB7RyEA/h0rct/iB4igADXaSgf89Il/oBXMUlZypQl8SKjOUdmdoPibrgGDDZH3Mbf/FVHJ8SdfkHym1j/AN2L/EmuQoqPq1H+VFe2qdzcuvGPiC7BEmqTKD2ixH/6CBWNLNLPIXmkeRz1Z2JJplFaxhGPwqxDk5bsKSloqhCUUtFABSUtFABRRSUALRRRQAlLSUtABSUtJQAUUtFADoopJ5kiiQvI7BVUDkk9q9x8K6Anh/R0gODcyfPO47t6fQdP/wBdcv8ADzwv5arrV4nzsP8ARkYdB/e/wq98SPGK+GNFMFtIP7SuwVhA6xr3f/D3+lebXlLEVVQpf1/wx6eCwzk13ZwnxT8bTXesrpOl3UkcFk2ZZInKl5fTI7L0+ua5ay+IXiuwAEWtXDqO02Jf/QgTXNMxZizEkk5JPekr6algqNOkqbinbuj6yGHpxgoNXO/h+MXimMYc2Uvu8GP5EVK3xn8TEYEGnKfUQt/8VXndFJ5fhf5EH1Wj/KjtLr4q+LroFV1BIAf+eMCj9SCa5nUNa1TVWzqGoXNz3xLKWA+g6CqNFbU8NRp/BFL5GkaVOHwpIKKKK2NAooooAKKKKACiiigAooooAKKKKACiiigBVVndUQFmY4AHUmvqDwZoI8OeFrOwIAmC+ZMfWRuT+XT8K8c+FHho6z4lGoTpm00/EhyOGk/hH4dfwHrX0FXzOeYnmkqEemrPHzGtdqmugtFFFeAeWFFFFABRRRQAUUUUAFFFFABRRRQAUUUUAFFFFABRRRQAUUUUAFFFFABRRRQAUUUUAFFFFABRRRQAUUUUAFFFFACUtFFABRRRQAUUUUAFFFFABRRRQAUUUUAFFFFABRRRQAUUUUAFFFFABRRRQAUUUUAFFFFABRRRQAUUUUAFFFFACUtJS0AFFFFABRRRQAUUUUAFFFFABRSUtABRRRQAUUUUAFFFFABRRRQAUUUUAFY3ibRE17RJrQ4Ew+eFj2cdPz6fjWxRTjJxfMhSSkrM8N/4QvxF/wBAuX/vpf8AGo5PCevxDLaVcn/dTd/KvdqK7lmFTsjl+pw7nzxcafe2v/HxaTxf78ZH86r19HFQwIIBB7Gsq+8MaLqIP2jToCx/iVdjfmMVrHMV9qJEsG+jPBqSvT9T+F9u4L6ZePE3aOYbl/Mcj9a4bVvDeq6Kx+2WrCPPEqfMh/EdPxrrp4mnU+FnNOjOG6MmloorczCikooAWiiigApKKWgBKKKWgAooooASilooAKKSigAopaSgApaSloASilooAKKKSgAopaKACkoooAK6zwV4VbXL0XVyhFhC3zZ/5aN/dHt61Q8MeG7jxFqAjXKW0ZBmlx0HoPc17Mi2OhaTgFLazto8kk4CgdSa4cXieRckN2dWGoc75nsQa5rVl4a0WW/uyEhhXCIvVj2UV8y69rd34i1ifUrxsySn5VB4Reyj2FbXjzxnN4t1b92WTToCRbxHv/tn3P6CuTr18rwH1eHPP4n+B9fgsL7KPNLdhRRRXrHcFFFFABRRRQAUUUUAFFFFABRRRQAUUUUAFFb+g+DNd8SMDYWLmHPM8nyRj8T1/DNel6N8FLOILJrOoSXD9TFbjYv5nk/pXFiMww9DSctey1OariqVPST1PFauWuk6jfH/AESwup/+ucTN/IV9Mab4N8O6SB9j0i1Vh/G6b2/NsmttVVQAoAA7AV5VTPl/y7h97OKeZr7MT5ii8CeKZhlNCvAP9tNv88VN/wAK68W8f8SSf/vpf8a+mKK53ntfpFfj/mZPMqnZGF4P8OReF/Dtvp6YMuN87j+OQ9T9Ow9gK3qSivGnOVSTnLdnBKTk3J7i0UUVJIUUlLQAUUUUAFFFFABRRSUALRRRQAUUUUAFFFJQAtFFFABRRRQAUUUlAC0UUUAFFFFABRRSUALRRRQAUUUUAFFFFABRRRQAUUUUAFFFFABRSUtABRRRQAUUUUAFFFFABRRRQAUUUUAFFFFABRRRQAUUUUAFFFFABRRRQAUUUUAFFFFABRRRQAUUUUAFFFFABRRRQAUUUUAFFFFABRRRQAUUUUAFFFFABSUZrmdf8caZohaFG+1XY48qM8Kf9o9v51UISm7RVyZSUVdnTZrL1HxJo+l5F3fwo4/gB3N+Q5ryXV/Gms6uWVrg28B/5ZQHaMe56mue685r0KeXt6zZyTxf8qPVbz4oaZESLWzuZyO7YQH+Z/Ssmb4p3rE+Rptug/23LfyxXAUldUcFRXQweJqPqdufihrOeLSwx/uP/wDFVNF8U9RB/e6fauP9gsv9TXB0VX1Wj/KT7ep3PULX4p2bkC706eL3icP/ADxXR6f4x0LUiFhv40kP8E3yH9eD+FeF0tZTwFJ7aGkcVNb6n0eCCMg5B7010WRCjqGUjBBGQa8I0nxNq2jMPsl2/lj/AJZP8yH8D0/CvRNB+IlhqBSDUFFnOeA2cxsfr2/H864auDqU9Vqjqp4mE9HoJr/w7sb8PPphWzuOuz/lm34fw/h+VeY6lpd5pN21tewNFIOmejD1B7ivoMMrKCpBB5BHeqOq6PZa1ZtbXsIdD909GU+oPaqoYyVPSeqJq4aMtY6M+f6Sug8TeFLvw7cZbMtm5/dzAfofQ1gV68JxmuaOx58ouLsxKWiiqEJRRS0AJS0UlABRS0lAC0lLSUAFFLSUAFFLRQAlFFLQAlFLSUAFFLRQAlFLRQAlbPh3w7d+Ib8QQApCvMsxHCD+p9ql8NeF7zxFdYQGK1Q/vZyOB7D1Nex2Gn2OhaaILdVht4l3MzHr6sxrjxOKVP3Y7nTQoObu9g0/T7LQtMW3gCxW8SlmZj19WY14f8R/H7+IrltM06QrpcTcsOPPYdz/ALI7D8an+IvxGbXHk0nSZGTTVOJJRwZz/wDE/wA683ruyzLXF+3rfF0X6+p9VgcFyJTmteiCiiivdPUCiiigAooooAKKKKACiiigAooooAKKK6zwX4EvvFt1v5t9OjbEtwR1/wBlfU/yrOrWhRg5zdkiJzjCPNJ6GJo2h6j4gvls9NtnnlPUjhUHqx6AV7T4V+Eul6SEudX26heDnYR+6Q+w/i/H8q7TRNB07w9p62WnW6xRjlj1Zz6se5rQd0jRndgqqMlicACvlcZm1Wu+Wn7sfxZ4uIx06nuw0QIixoERQqqMBQMAClLBVLMQAOSTXm/ij4u6bpbPbaPGL+5HBkJxEp+vVvw/OvJdc8Ya74ic/wBoX8jRE8QodkY/4COv41OGyivW96Xurz/yJo4GpU1eiPe9W+IfhfSCyTapHLKv/LO3HmH6ccD8TXI3vxvsIyRY6PcTDsZpRH+g3V4rRXsUskw8fju/68j0IZdSj8Wp6hN8btYYnyNLsUH+2Xb+RFQD41+Is82Ol4/65yf/ABdebUV1LLMIvsI2WDofynqtv8b9RUj7To9rIO/lysn881vWHxq0Wchb6wu7Un+JcSKP5H9K8MorOeUYSX2bejIlgaD6WPqbSfF+ga3gafqlvLIekZbY/wD3y2DW1mvj8Eg5BwRXXaB8SPEWgsqC6N3bD/ljcktx7N1FeZXyKS1oyv5P/M46uWta03959JUtcZ4W+JGi+JSkBf7HfHjyJj94/wCy3Q/ofauyzXh1aM6UuWorM86dOUHaSsLRRRWZAUUUUAFFFFABRRRQAUUUUAJS0UUAFJS0UAFFFFACUtFFABRRRQAUUUUAFFFFABRRRQAUUUUAFFFFABRRRQAUUUUAFFFFABRRRQAUUUUAFFFFABRRRQAUUUUAFFFFABRRRQAUUUUAFFFFABRRRQAUUUUAFFFFACUtFFACUtFFACUUtFABRRRQAUlLRQAUUUUAJS0UUAJS0UUAFFFFACVHcXENrbvPPIscSDLOxwAKS4uIbW3knnkWOKNSzM3QCvGvFvi2fxBdGKItHYRn5I+7/wC03+Hat6FCVaVlsZVaqprzNLxR4/uNQL2mls0Fr0aXo8n+A/WuI6nJoor26dKNNWijy5zlN3kFFFJWhItFFFABRRRQAUUlFAC0UUlAHT+GvGd9oLrDIWuLHPMTHlfdT2+leu6Zqlpq9kl1ZyiSNvzU+hHY18+Vq6Br954fvxcWzZQ8SxE/K4/x964sThFU96OjOmjiHDSWx7pd2kF9ayW1zEskMgwysOteMeLPC03h29ym6SylP7qT0/2T7/zr1/SNWtda0+O8tH3I/BB6oe4PvT9T0631bT5bO6TdFIMe4PYj3FefQryoTs9up11aSqxuj57orQ1vR7jQ9UlsrgZKnKP2dexFZ9e5GSkro8tpp2YlLSUtMAoopKAFoopKAFopKWgAooooASlpKWgBKWkpaACikooAWiipLe2nu50gt4nllc4VEGSaG7AR113hXwPca0yXd6Ggseo7NL9PQe9dH4Y+HsdrsvNYCyzdVtxyq/73qfbp9a6jXvEOmeGdON3qE6xoOEjX7zn0Ud686ti3J+zo6t/1od1DCOTXMvkWf+JfoWlkkxWlnbpkknCqK8L8ffEefxI76fpxeHSlOCejT+59B7fnWV4x8daj4tudrkwWCNmK2U8fVvU/yrla9bL8qVL97W1l+X/BPp8JgVT96e/5BRRRXtHpBRRRQAUUUUAFFFFABRRRQAUUUUAFFFbPhfw7deJ9ch062BAb5pZMcRoOp/z3qZzjTi5SdkiZSUVd7Gv4D8Dz+LNQ8ybdFpkDfvpR1Y/3F9/5V9EWVlbadZxWlpCkMES7URBgAVFpOlWmi6ZBp9lGI4IVwB3PqT6k1X8Q+ILLw1pEuoXz4ReEQfekbso96+MxmLqY2raO3RHz+IryxE7Lboh+t67p/h7TXvtRnEcS8KP4nPoo7mvAfGHxC1PxTK0Ks1rpwPy26N973c9/p0rJ8TeJ9Q8U6o15evhRkRQqfliX0H9T3rFr3svyuFBKdTWX5Hp4XBRpLmnqwooor1zvCiiigAooooAKKKKACiiigABIIIOCOQa9N8E/FW50xo9P113uLP7q3B5ki+v94frXmVFYYjDU8RDlqIyq0YVY8skfXdtcwXltHcW0qSwyLuR0OQwqWvnTwF49uPC14trcs0ulSt88fUxH+8v9R3r6GtbmG8torm3kWWGVQ6OpyGB718djcFPCzs9U9meBiMPKjKz2JqSloriOcKKSloAKKKKAEpaKKACkpaKAEpaKKAEopaKACkpaKACiiigAooooASloooAKKKKACiiigAooooAKKKKACiiigAooooAKKKKACiiigAooooAKKKKACiiigAooooAKKKKACiiigAooooAKKKKACiiigAooooAKKKKACikpaACikooAWikooAWiiigAooooAKKKKACiikoAWkNFcv468QHRdFMUD4u7rKR46qv8Tf0/GrhBzkorqTOSiuZnHePvFJ1K7bS7OT/RIGxIyn/WOP6D/PauIpaSvfpU1Tioo8ic3OXMxaKSitCRaKKSgBaKKSgBaKKKAEpaSigApaSigBaKSigDoPCfiSXw9qYdiWtJSFnT2/vD3Fe2wyxzwpLE4eN1DKwPBB718516Z8NvEBlifRrh8tGC8BPde6/h1rzsdQuvaR+Z14WrZ8jNvxx4eGtaO00KZvLYF48dWHdf8968Yr6P7V4r450UaP4hkMa4t7n97HjoD3H5/wAxU4Ct/wAu38isXT+2jmqKSivTOIWiikoAWkopaACikpaACiiigAoopKACilpKAFord0bwhq+tFWhtzFAf+W03yr+Hc/hXo+heAtL0nbNOv2y5HO+QfKp9l/xzXNVxVOnpe7NqdCc/Q4Dw/wCCdT1wrK6m1tDz50g5Yf7I7/yr1TRPDmnaBBss4f3hGHmfl2/H+grWxiivKrYmdXR6I76VCNP1OD8ZfE7TfDoktLEpe6kONqn5Ij/tEd/YfpXhWsa1qGvX73uo3LzTN0z0UegHYV7t4n+Fmi66XuLQf2feNyXiX5GP+0v9RivIPEPgPXvDjM11aGW2HS4g+ZMe/cfjXv5VPBxVoP3/AD3+R7+Clh0vd+LzOZooor3j0wooooAKKKKACiiigAooooAKKKKACiiigAAJOAMk19HfDjwmvhrw8kk6AX92BJOT1Udk/D+ea8n+F/hwa74rjmmTdaWIE0mRwW/hH58/hX0VXzmd4vVYePq/0PIzGv8A8ul8yK5uYbO1lubiRY4YlLu7HhQOpr5q8b+Lp/FmttPlksoSUtoj2X+8fc//AFq7z4x+Kiix+HLSTBYCS6IPb+Ff6n8K8drXJsEoR9vNavb0NMvw/Kvay3ewUUUV7x6YUUUUAFFFFABRRRQAUUUUAFFFFABRRRQAV6Z8K/Gx0u9TQtQl/wBCuGxA7H/VSHt9D/P6mvM6ASDkdawxOHhiKbpzMq1KNWDjI+wKWuL+Gvir/hJfDircPuvrPEU+erD+F/xH6g12dfC1qUqU3Tluj5upBwk4voLRRSVmQLRRRQAUUlFAC0UUUAFFJS0AFFJS0AFFFJQAtFFJQAtFFFABRRRQAUUUUAFFFFABRRRQAUUUUAFFFFABRRRQAUUUUAFFFFABRRRQAUUUUAFFFFABRRRQAUUUUAFFFFABRRRQAUUUUAFFFFABRRRQAUUlLQAUUlLQAUUUlAC0UlLQAUUUUAFFFFABRRRQAUUUlAAa8O8YawdZ8RXEqtmCI+VD6bR3/E5Nes+KtROleGr25VsSbNkZ/wBpuB/PP4V4RXpZfT3mzixc9oiUtJRXqHCFFFFABRRRQAUUtJQAUtJS0AJS0lFAC0lFFAC0lFFAC1a02/l0zUre9hPzwuGHuO4/EVUpaTSaswTs7n0TaXMd7Zw3MRzHKgdT7EZrmPiHpYv/AA21wq5ltG8wH/Z6MP6/hUXw21E3fh5rVzl7WQqP908j+tddcQJdW0tvIMxyoUYexGK8B3o1vRnraVafqfOdFdxefDHVocm1uLa4XsCSjfrx+tYlz4O8QWpO/S5mx3iw/wDLNe1HEUpbSPNdKa3Rh0VZm02+t8+dZXEeP78TD+lVipHUGtU09jOzQlFLRg+lMBKKkjt5pTiOJ3Poqk1fg8O6zc48rS7tge/lED8zUuUVuxqLeyM2iuotfh94hucFraOBT3llH8hk1u2fwskODe6ko9VhTP6n/CspYqlHeRpGhUl0POqntLG7vpRHaW0s7+kaE17FYeAdAssM1s1y4/inbd+gwK6KC3htoxHBDHEg6KihR+lcs8wivgRvHCP7TPKNL+G2q3e172SOzjPUH53/ACHH613GkeCNF0kq4t/tE4/5aT/Mc+w6Cujpa4qmKq1N2dMKEIbIQDA4FFLRXObBRRRQAU0qGBBAIPY06igDjtf+Gnh3Xd8n2X7Hctz5tthcn3Xoa8z1v4Pa7p5aTTpItQhHQKdkmPoePyNe+0mK78PmWIoaKV12ep00sXVp6J3R8kXunXumzGG+tJreQfwyoVP61Wr65urK2vYTFd28U8Z6pKgYfka5HU/hV4W1ElktHs5D/FbPgfkcj9K9ejnsHpVjb0O+nmUX8asfOlFeuah8D5xltN1hHHZLiMr+oz/KuYvfhT4stMlLKO5UfxQzKf0ODXpU8ywtTaa+en5nXHF0ZbSOKorYufCfiGzz9o0W/QDv5DEfmBisyW2uIG2ywSxn0dCK6o1IS+Fpm6nF7MioowR2oq7jCilCseik/hVy30fU7sgW+nXcuemyFm/kKlzit2JyS3KVFdNZ/D3xXekeXotwgPebEf8A6ERXS6f8FtcnZTfXlpap3Cku36DH61zVMdhqfxTRlLE0o7yR3nwp0QaT4NhuHXE983nsSP4eij8ufxrr9Tv4dL0y5v5ziK3jaRvoBU1vBHa20VvEu2OJAigdgBgV538ZdXNn4Yh06NsPey4b/cXk/rtr5GKeMxWv2n+H/DHhRTr1vVniWqajPq2qXOoXLZluJC7e2e34dKqUUV9xGKirLZH0aSSsgooopjCiiigAooooAKKKKACiiigAooooAKKKKACiiigDrPh14gPh/wAX2ru+21uT9nn9MMeD+Bx+Ga+lBXx/nHSvqPwZq/8AbnhLTr5m3SNEFkP+2vyt+or5vPcPZxrLro/0PIzKlZqovQ3qKKK+ePKCiiigAooooAKKKKACiiigAooooAKSlooAKKKKACiiigAooooAKKKKACiiigAooooAKKKKACiiigAooooAKKKKACiiigAooooAKKKKACiiigAooooAKKKKACiiigAooooAKKKKACiiigAooooAKKKKACiiigApKWigAooooAKKKKACiiigAooooAKSlooA8/8AileFNOsbMH/WymQ/RRj/ANmry+u5+KMxbXLSHPCW+782P+FcNXu4ONqKPKxDvUYlFFLXSYiUUtFACUUtFACUUtFACUUtFACUtJS0AJRS0lABRS0UAJS0UUAdv8Mbww69cWpPyzw5A91Of5E16zXh/giYweMNPIP3mKH8VIr3CvGx8bVb90ejhHenYKSloriOoSmPDFJ9+JG+qg1JRQBX+w2h62sH/fsUq2lsv3beIfRBU9FO7FZCBQBgAD6UYpaKQxKWiigAooooAKKKKACiiigAooooAKKKKACiiigAooooAKSlooATFIVVhgqCPcU6igCs2n2b8vaQN9YwaaNL08dLG2H/AGyX/CrdFPmfcd2RR28EX+rhjT/dUCpMUtFIQlLRRQAleCfGW/Nz4vhtAfltbdRj0Zjk/pive6+ZfiFcG58e6u5Ods3lj/gIA/pXsZJDmxLl2R35dG9W/ZHM0UUV9ae6FFFFABRRRQAUUUUAFFFFABRRRQAUUUUAFFFFABRRRQAV7h8E9QM2g39gzZNvOHUeisP8VP514fXqPwRuCmvalb54ktg+PdW/+yNebm0ObCS8rM48dHmoM9wpKWivjD58KKKKACiiigAooooAKKKKACiiigAooooAKKKKAEpaKKACiiigAooooAKKKKACiiigBKWiigAooooAKKKKACiiigAooooAKKKKACiiigAooooAKKKKACiiigAooooAKKKKACiiigAooooAKKKKACiiigBKWkpaACiikoAWiiigAooooAKKO9FABRRRQAUlLSUAeQ/Esk+Kl/69k/m1cdXbfE+Ir4it5Oz2wH5M1cTXv4b+DE8mv/EYUUUVuZCUtJRQAtFFFABRRSUALRSUtABRSUtABRRRQAlLSUtABRSUtAGv4VJHirS8f8/Cfzr3mvC/B0fm+LtNXHSXd+QJ/pXuleRmHxr0PQwfwsKKKK4DrCiiigAooooAKKKKACiiigAooooAKKKKACiiigAooooAKKKSgBaKKKACiiigAooooAKKKKACiiigAooooAKKKKAEr5a8YEnxnrRPX7bL/wChGvqWvmDx1CYPHWsoe90z/wDfXP8AWvdyF/vpLy/U9LLPjl6HPUUUV9Qe0FFFFABRRRQAUUUUAFFFFABRRRQAUUUUAFFFFABRRRQAV6L8Fyf+E0nHb7E//oSV51XpnwThL+J76bHEdpj82H+FcOZO2En6HNi/4Ej3WiiiviD5wKKKKACiiigAooooAKKKKACiiigAoopKAFooooAKKKKACiiigAooooAKKKKACiiigAooooAKKKKACiiigAooooAKKKKACiiigAooooAKKKKACiiigAooooAKKKKACiiigAooooAKKKKACiiigAopKWgAoopKAFooooAKKKKACiiigAooooAKKKSgBaSlpKAPOfipany9OuwOAXiJ+uCP5GvNq9r8d6edQ8KXW1cvBiZf+A9f0zXile1gZ3pW7HmYqNql+4UlFFdhzhRRRQAUUUUAFFFFABS0lLQAlFLRQAUUUlABRRRQAUUUUAdh8N7Uz+KRNjiCFn/E/L/WvYa4D4X6eYtOu79hzNII0PsvX9T+ld9Xh4yfNWfkenho2poWikpa5ToCikooAWiiigAooooAKKKKACiiigApKWigAooooAKKKKACiiigAooooAKKKKACkpaKACiiigAooooAKKKKACiiigBK+evi5ZG18dTTYwtzCko/Laf/AEGvoavJ/jbpRksNO1VF/wBS5gkPs3I/UH869PKKvJikn10OzAT5ay89Dxaiiivsj6AKKKKACiiigAooooAKKKKACiiigAooooAKKKKACiiigAr2b4H2RWy1a/I4eRIVP+6CT/6EK8Zr6U+G2lHSfA9gjrtlnU3D+vzcj9MV5GdVeXDcvd/8E4Mwny0bdzraKKK+RPCCiiigAooooAKSlooAKKKKACiiigAooooAKKKKACiiigAooooAKKKKACiiigAooooAKKKKACiiigAooooAKKKKACiiigAooooAKKKKACiiigAooooAKKKKACiiigAooooAKKKKACiiigAooooAKKKKAEpaKKACiiigAooooAKKKKACiiigAooooAKKKKAGSIssbRuAysCCD3BrwLXNMfR9ZurFwcRudhPdTyD+WK9/rgfiVoRubOPV4EzJANk2B1TPB/A/z9q7MFV5KnK9mc2Kp80LroeXUUlLXtHmhRRRQAUUUlAC0UUlAC0UUUAFFJS0AFFJRQAtFFFABT4onnmSKNSzuwVQO5NMruPhzoJvNTbVJk/cWxxHkfek/wDrD+YrOrUVODkyqcHOSij0jRdOTSdHtbFcfuowGI7t1J/PNaFJS188227s9hKysgooopDCiiigAooooAKKKKACiiigBKWiigAoopKAFooooAKKKKACiiigAooooAKKKKACiikoAWiiigAooooASloooAKKKKACsfxRoy6/4bvtNYDdLGfLJ7OOVP5gVsUlVCThJSW6HGTi00fIUsTwTPFIpWRGKsp6gjqKZXo/xc8MHS9dGr28eLW+Pz4HCy9/z6/nXnFfeYavGvSVSPU+mo1FUgpIKKKK3NQooooAKKKKACiiigAooooAKKKKACiiigAooooA2PCuiP4h8S2OmqCUkkBlI7IOWP5V9TRoscaogCqoAAHYV5l8HvDBsNLk1y5jxPeDZACOViB6/wDAj+gFeoV8hm+J9tX5Y7R0+fU8HH1vaVOVbIKKKK8k4QooooASloooAKKKSgBaKKKACiiigAooooAKKKKACiiigAooooAKKKKACiiigAooooAKKKKACiiigAooooAKKKKACiiigAooooAKKKKACiiigAooooAKKKKACiiigAooooAKKKKACiiigAooooAKKKKACiiigAooooAKKKKACiiigAooooAKKKKACiiigApksSTxPFKoeN1KspHBB6in0lAHhvirw9J4e1ZogCbWXLQOe49D7isGvftc0W113TXs7kdeUcdUbsRXiOsaPd6JqD2d2mGXlWHRx6ivawmJVSPLLdHmV6PI7rYoUUUV2HOFJS0lAC0UlFAC0UlFAC0lFFABS0lLQAUUlTWtrPe3MdtbRtJNIdqoo5JobtuBY0nS7nWdSisrVcvIeT2UdyfYV7tpWmwaTpsFlbriOJcZ7se5PuTWV4T8MReHbD59r3soBmkHb/ZHsP1roq8TF4j2srR2R6eHo8iu9wooorkOgKKKKACiiigAooooAKKKKACiiigAooooAKKKKACiiigAooooAKKKKACiiigAooooAKSlooAKKKKACiiigAooooAKKKKACiiigDM8QaJbeIdFuNNux+7mXhsco3Zh7g18w61o93oOrT6deptmhbGezDsw9jX1ga4/x94Ih8W6aHh2x6nAD5Ep6MP7jex/Q/jXq5Xj/q0+Sfwv8PM7sFifZS5ZbM+b6Kmu7S4sLuW1uoXhniba6OMEGoa+vTTV0e6nfVBRRRTGFFFFABRRRQAUUUUAFFFFABRRRQAV1XgPwjL4r1xY3VhYQEPcyD07KPc/41l+HfDt/wCJtWjsLGPJPMkhHyxr3Jr6V8O+H7Lw1pEWn2S/KvLufvSN3Y15OaZgsPD2cH7z/A4cZilSjyx3ZpRRJBEkUSBI0UKqqMAAdAKkoor5A8EKKKKACiiigAooooAKKKKACiiigAooooAKKKKACiiigAooooAKSlooAKKKKACiiigAooooAKKKKACiiigAooooAKKKKACiiigAooooAKKKKACiiigAooooAKKKKACiiigAooooAKKKKACiiigAopKWgAooooASlpKWgApKWkoAWkpaKACiiigAooooAKKKKACiikoAWiiigBKy9c0Gz1+xNvdpyOY5F+8h9R/hWpS04ycXdCaTVmeDa/4bv/D915dym6Fj+7mUfK3+B9qx6+irq0gvbd7e5hSWJxhkcZBrznX/AIayIXuNFfevX7PIeR/unv8AjXrUMdGWlTRnBVwrWsDzykqe6tLiynaC6gkhlXqrrg1BXenfVHJYWkpaSgBaKSloASiiloASinxxvK4SNGd2OAqjJNdnoXw6v78rNqRNnb9dn/LRvw7fj+VZ1KsKavJlQhKbtFHLaZpV5rF4ttZQtJIevoo9Sewr2Hwv4StfDsG84mvXGJJiOnsvoP51q6XpNlo9qLexgWJO57sfUnvV6vIxGLlV91aI9Cjh1DV7hRRRXIdIUUUlAC0UUUAFFJS0AFFFJQAtFFFABRRRQAUUlLQAUUUUAFFFFACUtFFABSUtJQAtFFFABRSUtABRRRQAUUUUAFJS0UAJS0UUAFFFFABRRSUALSGlooA43xv4Bs/Flv50e231ONcRz44Yf3W9R79q+f8AV9Gv9Cv3stRt3hmX16MPUHuK+say9c8PaZ4isja6lbLKn8LdGQ+qntXq4DNJ4b3J6x/L0O7DY2VL3Zao+U6K9F8T/CXVtJL3Gk51C0HO0DEqj6fxfh+VeeSRvDI0cqMjqcMrDBB+lfU0MTSrx5qbuezTqwqK8GNooorc1CiiigAooooAKKKs2On3mpXK21jbS3EzdEjUsaTairsTaWrK1dF4U8G6n4svAlrH5dqp/e3Lj5U+nqfau78K/B12ZLvxHJtXqLSJuT/vMP5D869cs7K20+1jtrSCOCCMYVI1wAK8PG5zCCcKGr79P+CebiMfGPu09WZ3hvw1p/hfTFs7CPGeZJW+9I3qTWzRRXzM5ynJyk7tnjyk5O7EopaKkQUUUUAFFFFABRSUtABRRRQAUUUUAJS0UUAFJS0lAC0UUUAFFFFABRSUUALRRRQAUUUUAFFFFABRRRQAUUUUAFFFJQAtFFFABRRRQAUUUUAFFFFABRRRQAUUUUAFFFFABRRRQAUUUUAFFFFABRRRQAUUUUAFFJS0AJS0UUAFFFFABRRRQAUUUUAFFFFABRRRQAUUUUAFFFFABRRRQAUhpaKAKl9pllqcPlXtrFOnbeuSPoeorj9R+GOnzkvYXUtsx/gcb1/x/U13dFaQrTp/CyJU4z+JHj138N9dtyfIFvcr22SbT+TYrJm8Ja/Afn0q5P8AuJu/lmvd6K6o4+ot0mYPCQex4B/YGs5wdJvs/wDXu/8AhUsXhbXpjhdJux/vxFf5171RVf2hPsifqce54za/DvxBcEeZDFbg95ZR/Jc10en/AAut0IbUb95fVIV2j8z/AICvQ6Kynja0utjSOGpozdM0HTNHXFjZxxNjBfGWP4nmtGlorlbbd2bpJaIKKKKQwooooAKKKKACiiigAooooAKKKKACiiigAooooAKKKKACiikoAWiiigAooooAKKKKACiiigAooooAKKKKACiiigAooooAKKKKACiiigAooooAKKKKACikpaAErG1rwponiBSNS0+KV8YEoG1x/wACHNbVFVGcoPmi7McZOLumeSar8Erdyz6TqjxekVym4f8AfQx/I1yN98JfFdoT5VrBdqO8Ew/k2DX0TRXpUs3xUNG7+p1wx9aO7ufLk/gnxPbnD6Ffn/chL/yzVceFfEJOBoWp5/69H/wr6rorpWfVesF+Jsszn/Kj5gt/Afiq5IEehXgz/wA9E2f+hYresPg94muiDc/ZbNe/mS7j+S5/nX0DRWc88xEvhSRMsxqvZJHmOkfBfSLUrJql5PesOqIPLT9Mn9RXoGm6Pp2j24g06zhto+4jXGfqep/Gr1FedWxVat/Ek2clStUqfEwooornMgooooAKKKKACiiigAooooAKKKKACiikoAWiiigAooooAKKKKACiiigAooooAKKKKACiiigAooooAKKKKACiiigAooooAKKKKACiiigAooooAKKKKACiiigAooooAKKKKACiiigAooooAKKKKACiiigBKWiigBKKWigAooooASloooASloooAKKKKAEpaKKACkpaKAEpaKKACiiigAooooAKKKKACiiigAooooAKKKKACiiigAooooAKKKKACiiigAooooAKSlooAKKKKACiiigAooooAKKKKACiiigAooooAKKKKACiiigAooooAKKKKACiiigAooooAKKKKACiiigApKWigAooooAKKKKACiiigAooooAKKKKACiiigAooooAKKKKACiiigAooooAKKKKACiiigBKWiigAooooAKKKKACiiigAooooAKKKKACiiigAooooAKKKKACiiigAooooAKKKKACiiigAooooAKKKKACiiigAooooAKKKKACiiigAooooAKKKKACikpaACikpaACiiigAooooAKKSigBaKKKACikpaACikpaACiiigBKWikoAWikpaACiikoAWiiigAopKKAFopKKAFooooAKKKKACikpaACiikoAWkopaACiikoAWkpaKACiiigAopKWgAooooAKKSloAKKKSgBaKSloAKKKKACiikoAWiiigAoopKAFooooAKKKKACiiigAopKWgAooooAKKKSgBaKKKACiiigAooooAKKSigBaKKKACiiigAopKWgAooooAKKKKACiikoAWiiigAooooAKKSloAKKKKACiiigAoopKAFopKWgAooooAKKKSgBaKKKACiiigAooooAKKSloAKKKKACiikoAWiiigAooooAKKKKACiiigAooooAKKKKACiiigAooooAKKKKACiiigAooooAKKKKACiiigAooooASlpKWgAooooASlopKAFoopKAFooooAKKKKACiiigAooooAKKKKACiiigAooooAKKKKACiiigAooooAKKKKACiiigAooooAKKKKACiiigAooooAKKKKACiiigAooooAKKKKACiiigAooooAKKKKACiiigAooooAKKKKACiiigAooooAKKKKACiiigAooooAKKKKACiiigAooooAKKKKACiiigAooooAKKKKACiiigAooooAKKKKACiiigAooooAKKKKACiiigAooooAKKKKACiiigAooooAKKKKACiiigAooooAKKKKACiiigAooooAKKKKACiiigAooooAKKKKACiiigAooooAKKKKACiiigAooooAKKKKACiiigAooooAKKKKACiiigAooooAKKKKACiiigAooooAKKKKACiiigAooooAKKKKACiiigAooooAKKKKACiiigAooooAKKKKACiiigAooooAKKKKAEpaKKACiiigAooooAKKKKACiiigAooooAKSlooAKKKKACiiigAooooAKKKKACiiigApKWigAooooAKKKKACiiigAooooAKKKKACiiigAooooAKKKKACiiigAooooAKKKKACiiigAooooAKKKKACiiigAooooAKKKKACiiigAooooAKKKKACiiigAooooAKKKKACiiigAooooAKKKKACiiigAooooAKKKKACiiigAooooAKKKKACiiigAooooAKKKKACiiigAooooAKKKKACiiigAooooAKKKKACiiigAooooAKKKKACiiigAooooAKKKKACiiigAooooAKKKKACiiigAooooAKKKKACiiigBKWiigAooooAKSlooAKSlooAKKKKACiiigAooooAKKKKACiiigAooooAKKKKACiiigAooooAKKKKACiiigAooooAKKKKACiiigAooooAKKKKACiiigAooooAKKKKACiiigAooooAKKKKACiiigAooooAKKKKACiiigAooooAKKKKACiiigAooooAKKKKACiiigAooooAKKKKACiiigAooooAKKKKACiiigAooooAKKKKACiiigAooooAKKKKACiiigAooooAKKKKACiiigAooooAKKKKACiiigAooooAKKKKACiiigAooooAKKKKACiiigAooooAKKKKACiiigAooooAKKKKACiiigAooooAKKKKACiiigAooooAKKKKACiiigAooooAKKKKACiiigBKWkpaACiiigAooooAKKKKACiiigAooooAKSlooAKKKKACiiigAooooAKKKKACiiigApKWigAooooAKKKKACiiigAooooAKKKKACiiigBKWiigAooooAKKKKACiiigAooooAKKKKACiiigAooooAKSlooAKKKKACiiigAooooAKKKKACiiigAooooAKKKKACiiigAooooAKKKKACiiigAooooASloooAKKKKACiiigAooooAKKKKACiiigAooooAKKKKACiiigAooooAKKKKACiiigApKWigAooooAKKKKACiiigAooooAKKKKACiiigAooooAKKKKACiiigAooooAKKKKACiiigAooooAKKKSgBaKKKACiiigAooooAKKKKACiiigAooooAKKKKACiiigAooooAKKKKACiiigAooooAKKKKAEopaKACiiigApKWigBKWiigBKWiigApKWigApKWigBKWiigApKWigBKWiigBKWiigBKWiigAooooASloooAKKKKAEopaKACiiigAooooAKKKKACkpaKACiiigBKKWigApKWigAooooAKKKKACiiigApKWigApKWigBKWiigAooooAKKKKACiiigBKWiigApKWigBKWiigBKWiigAooooAKKKKACiiigBKWiigBKKWigAooooAKKKKACiiigApKWigAooooASilooAKSlooAKKKKACiiigAooooAKKKKACiiigAooooAKKKKACiiigAooooAKKKKACiiigAooooAKKKKACiiigAooooAKKKKACiiigAooooAKKKKACiiigAooooAKKKKAEpaKKACiiigAopKWgAooooAKKKKAEpaKKACiiigAooooAKKKKACiiigAooooAKKKKACiiigAooooAKKKKACiiigAooooAKSlooAKKKKACiiigAooooASilooAKKKKACiiigAooooAKKKKACiiigApKWigAooooAKKKKAEpaKKACiiigAooooAKKKKAEpaKKACiiigAooooAKKKKACiiigAooooASloooAKKKKACkpaKACiiigAooooAKKKKACkpaKACiiigAooooAKKKKACiiigAooooAKSlooAKKKKACiiigAooooAKKKKACiiigAooooAKKKKACiiigAooooAKKKKACiiigAooooAKKKKACkpaKACiiigBKWkpaACiiigBKWkpaACkpaSgBaKKKAEpaKKACkpaKACiiigBKWiigApKWigAooooAKKKKAEopaKACkpaKAEopaKAEopaKAEopaKACiiigBKWiigAooooAKSlooASilooASilooASloooAKSlooASloooASilooASilooASilooAKKKKACiiigBKWiigAooooASilooAKSlooAKSlooAKKKKAEpaKKACiiigBKKWigApKWigBKWiigAooooAKSlooAKKKKACkpaKAEpaKKAEpaKKAEpaKKACkpaKACiiigApKWigBKWiigBKKWigAooooAKKKKAEpaKKACiiigBKKWigApKWigApKWigAooooAKKKKACiiigAooooAKKKKACiiigAooooAKKKKACiiigAooooAKKKKACiiigAooooAKKSloAKKSloAKKKSgBaSlooAKKKSgBaKKKACiiigAooooAKKSloAKKKKACiikoAWiiigAooooASloooAKKKKACiiigBKWiigAooooAKKKKACiiigApKWigAooooAKSlooAKKKKACiiigAooooAKKKKACiiigApKWigAooooAKKKKACiiigAooooAKKKKACiiigBKWiigAooooAKKKKACiiigAooooAKKKKACiiigAooooAKKKKACiiigAooooAKKKKACkpaKACiiigAooooAKKKKACiiigAooooAKKKKACiiigAooooAKKKKACiiigAooooAKKKKAEpaKKACiiigAooooAKKKKACiiigAooooAKKKKACiiigAooooAKKKKACiiigAooooA//9k=','2020-02-26','2020-04-30',0,'2020-02-26 11:14:10',2,'2020-02-26 11:14:10',2);

/*Table structure for table `tbl_project_employees` */

DROP TABLE IF EXISTS `tbl_project_employees`;

CREATE TABLE `tbl_project_employees` (
  `id` int(11) NOT NULL AUTO_INCREMENT,
  `project_id` int(11) DEFAULT NULL,
  `employee_id` int(11) DEFAULT NULL,
  `is_deleted` int(11) DEFAULT NULL,
  `createdon` timestamp NULL DEFAULT NULL,
  `createdby` int(11) DEFAULT NULL,
  `last_modifiedon` timestamp NULL DEFAULT NULL,
  `last_modifiedby` int(11) DEFAULT NULL,
  PRIMARY KEY (`id`),
  KEY `project_id_proj_emp` (`project_id`),
  CONSTRAINT `project_id_proj_emp` FOREIGN KEY (`project_id`) REFERENCES `tbl_project` (`id`) ON DELETE NO ACTION ON UPDATE NO ACTION
) ENGINE=InnoDB AUTO_INCREMENT=6 DEFAULT CHARSET=latin1;

/*Data for the table `tbl_project_employees` */

insert  into `tbl_project_employees`(`id`,`project_id`,`employee_id`,`is_deleted`,`createdon`,`createdby`,`last_modifiedon`,`last_modifiedby`) values (1,15,2,0,'2020-02-25 17:59:57',2,'2020-02-25 17:59:57',2),(2,15,3,0,'2020-02-25 17:59:57',2,'2020-02-25 17:59:57',2),(3,16,2,0,'2020-02-26 11:16:05',2,'2020-02-26 11:16:05',2),(4,16,3,0,'2020-02-26 11:16:05',2,'2020-02-26 11:16:05',2),(5,16,4,0,'2020-02-26 11:16:05',2,'2020-02-26 11:16:05',2);

/*Table structure for table `tbl_project_question_bank` */

DROP TABLE IF EXISTS `tbl_project_question_bank`;

CREATE TABLE `tbl_project_question_bank` (
  `id` int(11) NOT NULL AUTO_INCREMENT,
  `project_id` int(11) DEFAULT NULL,
  `question_id` int(11) DEFAULT NULL,
  `is_selected` int(11) DEFAULT NULL,
  `week_start_date` date DEFAULT NULL,
  `week_end_date` date DEFAULT NULL,
  `week_status` int(11) DEFAULT NULL,
  `initial_mail_status` enum('0','1') NOT NULL DEFAULT '0',
  `week_number` int(11) DEFAULT NULL,
  `is_deleted` int(11) DEFAULT NULL,
  `createdon` timestamp NULL DEFAULT NULL,
  `createdby` int(11) DEFAULT NULL,
  `last_modifiedon` timestamp NULL DEFAULT NULL,
  `last_modifiedby` int(11) DEFAULT NULL,
  PRIMARY KEY (`id`),
  KEY `project_id_project_bank` (`project_id`),
  CONSTRAINT `project_id_project_bank` FOREIGN KEY (`project_id`) REFERENCES `tbl_project` (`id`) ON DELETE NO ACTION ON UPDATE NO ACTION
) ENGINE=InnoDB AUTO_INCREMENT=65 DEFAULT CHARSET=latin1;

/*Data for the table `tbl_project_question_bank` */

insert  into `tbl_project_question_bank`(`id`,`project_id`,`question_id`,`is_selected`,`week_start_date`,`week_end_date`,`week_status`,`initial_mail_status`,`week_number`,`is_deleted`,`createdon`,`createdby`,`last_modifiedon`,`last_modifiedby`) values (1,15,1,1,'2020-02-16','2020-02-22',NULL,'1',1,0,'2020-02-25 17:59:49',2,'2020-02-25 17:59:49',2),(2,15,2,0,NULL,NULL,NULL,'0',0,0,'2020-02-25 17:59:49',2,'2020-02-25 17:59:49',2),(3,15,3,0,NULL,NULL,NULL,'0',0,0,'2020-02-25 17:59:49',2,'2020-02-25 17:59:49',2),(4,15,4,0,NULL,NULL,NULL,'0',0,0,'2020-02-25 17:59:49',2,'2020-02-25 17:59:49',2),(5,15,5,0,NULL,NULL,NULL,'0',0,0,'2020-02-25 17:59:49',2,'2020-02-25 17:59:49',2),(6,15,12,0,NULL,NULL,NULL,'0',0,0,'2020-02-25 17:59:49',2,'2020-02-25 17:59:49',2),(7,15,17,0,NULL,NULL,NULL,'0',0,0,'2020-02-25 17:59:49',2,'2020-02-25 17:59:49',2),(8,15,18,0,NULL,NULL,NULL,'0',0,0,'2020-02-25 17:59:49',2,'2020-02-25 17:59:49',2),(9,15,7,0,NULL,NULL,NULL,'0',0,0,'2020-02-25 17:59:49',2,'2020-02-25 17:59:49',2),(10,15,13,0,NULL,NULL,NULL,'0',0,0,'2020-02-25 17:59:49',2,'2020-02-25 17:59:49',2),(11,15,24,0,NULL,NULL,NULL,'0',0,0,'2020-02-25 17:59:49',2,'2020-02-25 17:59:49',2),(12,15,25,0,NULL,NULL,NULL,'0',0,0,'2020-02-25 17:59:49',2,'2020-02-25 17:59:49',2),(13,15,26,0,NULL,NULL,NULL,'0',0,0,'2020-02-25 17:59:49',2,'2020-02-25 17:59:49',2),(14,15,27,0,NULL,NULL,NULL,'0',0,0,'2020-02-25 17:59:49',2,'2020-02-25 17:59:49',2),(15,15,43,1,'2020-02-16','2020-02-22',NULL,'1',1,0,'2020-02-25 17:59:49',2,'2020-02-25 17:59:49',2),(16,15,61,0,NULL,NULL,NULL,'0',0,0,'2020-02-25 17:59:49',2,'2020-02-25 17:59:49',2),(17,15,6,0,NULL,NULL,NULL,'0',0,0,'2020-02-25 17:59:49',2,'2020-02-25 17:59:49',2),(18,15,8,0,NULL,NULL,NULL,'0',0,0,'2020-02-25 17:59:49',2,'2020-02-25 17:59:49',2),(19,15,60,0,NULL,NULL,NULL,'0',0,0,'2020-02-25 17:59:49',2,'2020-02-25 17:59:49',2),(20,15,70,0,NULL,NULL,NULL,'0',0,0,'2020-02-25 17:59:49',2,'2020-02-25 17:59:49',2),(21,15,78,0,NULL,NULL,NULL,'0',0,0,'2020-02-25 17:59:49',2,'2020-02-25 17:59:49',2),(22,15,89,0,NULL,NULL,NULL,'0',0,0,'2020-02-25 17:59:49',2,'2020-02-25 17:59:49',2),(23,15,92,1,'2020-02-16','2020-02-22',NULL,'1',1,0,'2020-02-25 17:59:49',2,'2020-02-25 17:59:49',2),(24,15,105,0,NULL,NULL,NULL,'0',0,0,'2020-02-25 17:59:49',2,'2020-02-25 17:59:49',2),(25,15,9,0,NULL,NULL,NULL,'0',0,0,'2020-02-25 17:59:49',2,'2020-02-25 17:59:49',2),(26,15,10,1,'2020-02-16','2020-03-03',NULL,'1',1,0,'2020-02-25 17:59:49',2,'2020-02-25 17:59:49',2),(27,15,11,0,NULL,NULL,NULL,'0',0,0,'2020-02-25 17:59:49',2,'2020-02-25 17:59:49',2),(28,15,22,0,NULL,NULL,NULL,'0',0,0,'2020-02-25 17:59:49',2,'2020-02-25 17:59:49',2),(29,15,23,0,NULL,NULL,NULL,'0',0,0,'2020-02-25 17:59:49',2,'2020-02-25 17:59:49',2),(30,15,40,0,NULL,NULL,NULL,'0',0,0,'2020-02-25 17:59:49',2,'2020-02-25 17:59:49',2),(31,15,49,0,NULL,NULL,NULL,'0',0,0,'2020-02-25 17:59:49',2,'2020-02-25 17:59:49',2),(32,15,52,0,NULL,NULL,NULL,'0',0,0,'2020-02-25 17:59:49',2,'2020-02-25 17:59:49',2),(33,16,1,1,'2020-02-25','2020-03-03',NULL,'1',2,0,'2020-02-26 11:15:43',2,'2020-02-26 11:15:43',2),(34,16,2,0,NULL,NULL,NULL,'0',0,0,'2020-02-26 11:15:43',2,'2020-02-26 11:15:43',2),(35,16,3,0,NULL,NULL,NULL,'0',0,0,'2020-02-26 11:15:43',2,'2020-02-26 11:15:43',2),(36,16,4,1,'2020-02-17','2020-02-24',NULL,'1',1,0,'2020-02-26 11:15:43',2,'2020-02-26 11:15:43',2),(37,16,5,0,NULL,NULL,NULL,'0',0,0,'2020-02-26 11:15:43',2,'2020-02-26 11:15:43',2),(38,16,14,0,NULL,NULL,NULL,'0',0,0,'2020-02-26 11:15:43',2,'2020-02-26 11:15:43',2),(39,16,18,0,NULL,NULL,NULL,'0',0,0,'2020-02-26 11:15:43',2,'2020-02-26 11:15:43',2),(40,16,64,0,NULL,NULL,NULL,'0',0,0,'2020-02-26 11:15:43',2,'2020-02-26 11:15:43',2),(41,16,7,1,'2020-02-25','2020-03-03',NULL,'1',2,0,'2020-02-26 11:15:43',2,'2020-02-26 11:15:43',2),(42,16,13,0,NULL,NULL,NULL,'0',0,0,'2020-02-26 11:15:43',2,'2020-02-26 11:15:43',2),(43,16,26,0,NULL,NULL,NULL,'0',0,0,'2020-02-26 11:15:43',2,'2020-02-26 11:15:43',2),(44,16,27,0,NULL,NULL,NULL,'0',0,0,'2020-02-26 11:15:43',2,'2020-02-26 11:15:43',2),(45,16,28,0,NULL,NULL,NULL,'0',0,0,'2020-02-26 11:15:43',2,'2020-02-26 11:15:43',2),(46,16,38,0,NULL,NULL,NULL,'0',0,0,'2020-02-26 11:15:43',2,'2020-02-26 11:15:43',2),(47,16,43,1,'2020-02-17','2020-02-24',NULL,'1',1,0,'2020-02-26 11:15:43',2,'2020-02-26 11:15:43',2),(48,16,61,0,NULL,NULL,NULL,'0',0,0,'2020-02-26 11:15:43',2,'2020-02-26 11:15:43',2),(49,16,6,1,'2020-02-25','2020-03-03',NULL,'1',2,0,'2020-02-26 11:15:43',2,'2020-02-26 11:15:43',2),(50,16,8,0,NULL,NULL,NULL,'0',0,0,'2020-02-26 11:15:43',2,'2020-02-26 11:15:43',2),(51,16,60,0,NULL,NULL,NULL,'0',0,0,'2020-02-26 11:15:43',2,'2020-02-26 11:15:43',2),(52,16,70,0,NULL,NULL,NULL,'0',0,0,'2020-02-26 11:15:43',2,'2020-02-26 11:15:43',2),(53,16,92,1,'2020-02-17','2020-02-24',NULL,'1',1,0,'2020-02-26 11:15:43',2,'2020-02-26 11:15:43',2),(54,16,104,0,NULL,NULL,NULL,'0',0,0,'2020-02-26 11:15:43',2,'2020-02-26 11:15:43',2),(55,16,91,0,NULL,NULL,NULL,'0',0,0,'2020-02-26 11:15:43',2,'2020-02-26 11:15:43',2),(56,16,89,0,NULL,NULL,NULL,'0',0,0,'2020-02-26 11:15:43',2,'2020-02-26 11:15:43',2),(57,16,9,1,'2020-02-25','2020-03-03',NULL,'1',2,0,'2020-02-26 11:15:43',2,'2020-02-26 11:15:43',2),(58,16,11,0,NULL,NULL,NULL,'0',0,0,'2020-02-26 11:15:43',2,'2020-02-26 11:15:43',2),(59,16,20,0,NULL,NULL,NULL,'0',0,0,'2020-02-26 11:15:43',2,'2020-02-26 11:15:43',2),(60,16,22,0,NULL,NULL,NULL,'0',0,0,'2020-02-26 11:15:43',2,'2020-02-26 11:15:43',2),(61,16,40,0,NULL,NULL,NULL,'0',0,0,'2020-02-26 11:15:43',2,'2020-02-26 11:15:43',2),(62,16,45,0,NULL,NULL,NULL,'0',0,0,'2020-02-26 11:15:43',2,'2020-02-26 11:15:43',2),(63,16,54,0,NULL,NULL,NULL,'0',0,0,'2020-02-26 11:15:43',2,'2020-02-26 11:15:43',2),(64,16,52,1,'2020-02-17','2020-02-24',NULL,'1',1,0,'2020-02-26 11:15:43',2,'2020-02-26 11:15:43',2);

/*Table structure for table `tbl_recommended_question` */

DROP TABLE IF EXISTS `tbl_recommended_question`;

CREATE TABLE `tbl_recommended_question` (
  `id` int(11) NOT NULL AUTO_INCREMENT,
  `question_id` int(11) DEFAULT NULL,
  `recommendedby` int(11) DEFAULT NULL,
  `recommended_date` date DEFAULT NULL,
  `is_deleted` int(11) DEFAULT NULL,
  `createdon` timestamp NULL DEFAULT NULL,
  `last_modifiedon` timestamp NULL DEFAULT NULL,
  `last_modifiedby` int(11) DEFAULT NULL,
  PRIMARY KEY (`id`),
  KEY `question_id` (`question_id`),
  KEY `recommendedby` (`recommendedby`)
) ENGINE=InnoDB DEFAULT CHARSET=latin1;

/*Data for the table `tbl_recommended_question` */

/*Table structure for table `tbl_user` */

DROP TABLE IF EXISTS `tbl_user`;

CREATE TABLE `tbl_user` (
  `id` int(11) NOT NULL AUTO_INCREMENT,
  `first_name` varchar(255) DEFAULT NULL,
  `last_name` varchar(255) DEFAULT NULL,
  `email` varchar(255) DEFAULT NULL,
  `username` varchar(255) DEFAULT NULL,
  `password` varchar(255) DEFAULT NULL,
  `org_id` int(11) DEFAULT NULL,
  `role_code` varchar(255) DEFAULT NULL,
  `status` int(11) DEFAULT NULL,
  `createdon` timestamp NULL DEFAULT NULL,
  `createdby` int(11) DEFAULT NULL,
  `last_modifiedon` timestamp NULL DEFAULT NULL,
  `last_modifiedby` int(11) DEFAULT NULL,
  `last_login` timestamp NULL DEFAULT NULL,
  PRIMARY KEY (`id`)
) ENGINE=InnoDB AUTO_INCREMENT=3 DEFAULT CHARSET=latin1;

/*Data for the table `tbl_user` */

insert  into `tbl_user`(`id`,`first_name`,`last_name`,`email`,`username`,`password`,`org_id`,`role_code`,`status`,`createdon`,`createdby`,`last_modifiedon`,`last_modifiedby`,`last_login`) values (1,'Beats','Console','admin@beats.in','admin','$2y$10$eE0DVOatbhce1rHqYaSoP.b9eTryWyXzUVKZCPytRtlaeRcJDcCvK',0,'admin',1,'2020-01-27 00:00:00',1,'2020-01-27 00:00:00',1,'2020-01-27 00:00:00'),(2,'Suraj','Kumar','suraj@mnagenome.com','suraj','$2y$10$eE0DVOatbhce1rHqYaSoP.b9eTryWyXzUVKZCPytRtlaeRcJDcCvK',1,'hr_head',1,'2020-01-28 13:10:23',1,'2020-01-28 13:07:40',1,'0000-00-00 00:00:00');

/*Table structure for table `tbl_user_role` */

DROP TABLE IF EXISTS `tbl_user_role`;

CREATE TABLE `tbl_user_role` (
  `id` int(11) NOT NULL AUTO_INCREMENT,
  `name` varchar(255) DEFAULT NULL,
  `role_text` varchar(255) DEFAULT NULL,
  `is_deleted` int(11) DEFAULT NULL,
  `createdby` int(11) DEFAULT NULL,
  `createdon` timestamp NULL DEFAULT NULL,
  `last_modifiedon` timestamp NULL DEFAULT NULL,
  `last_modifiedby` int(11) DEFAULT NULL,
  PRIMARY KEY (`id`)
) ENGINE=InnoDB DEFAULT CHARSET=latin1;

/*Data for the table `tbl_user_role` */

/*!40101 SET SQL_MODE=@OLD_SQL_MODE */;
/*!40014 SET FOREIGN_KEY_CHECKS=@OLD_FOREIGN_KEY_CHECKS */;
/*!40014 SET UNIQUE_CHECKS=@OLD_UNIQUE_CHECKS */;
/*!40111 SET SQL_NOTES=@OLD_SQL_NOTES */;
